train-auc-mean,train-auc-std,train-aucpr-mean,train-aucpr-std,test-auc-mean,test-auc-std,test-aucpr-mean,test-aucpr-std,train-irr_score-mean,train-irr_score-std,test-irr_score-mean,test-irr_score-std
0.9501564650840554,0.0005181717830918803,0.9607088393748642,0.0004005775200032257,0.9489709855199782,0.0018566082438971599,0.9600703315498749,0.001441312514070268,0.68891296,0.004772710035022027,0.6835827600000001,0.006792493322955868
