train-auc-mean,train-auc-std,train-aucpr-mean,train-aucpr-std,test-auc-mean,test-auc-std,test-aucpr-mean,test-aucpr-std,train-irr_score-mean,train-irr_score-std,test-irr_score-mean,test-irr_score-std
0.8717427518132119,0.008580959069555626,0.817426356929016,0.0130193352448607,0.8703845720561835,0.008050311014672067,0.8163121682140697,0.01199003668659131,0.6873759199999999,0.007088264193270441,0.6822425599999999,0.008684387214213789
