train-auc-mean,train-auc-std,train-aucpr-mean,train-aucpr-std,test-auc-mean,test-auc-std,test-aucpr-mean,test-aucpr-std,train-irr_score-mean,train-irr_score-std,test-irr_score-mean,test-irr_score-std
0.9471312560531584,0.0012906835530879645,0.9579997458738211,0.0012521856375847858,0.945988091110382,0.002246933240829247,0.9573202753406908,0.0019017341643481163,0.6831047199999999,0.0034859465115804596,0.6780046799999999,0.004994129783816199
