train-auc-mean,train-auc-std,train-aucpr-mean,train-aucpr-std,test-auc-mean,test-auc-std,test-aucpr-mean,test-aucpr-std,train-irr_score-mean,train-irr_score-std,test-irr_score-mean,test-irr_score-std
0.9515265254931257,0.0006040512262389956,0.9622470814908439,0.0005533033460147402,0.9504993204882612,0.0018359711197859744,0.9616795051906825,0.001511155380744785,0.68011476,0.004649245979984283,0.67636888,0.005928473161413484
