train-auc-mean,train-auc-std,train-aucpr-mean,train-aucpr-std,test-auc-mean,test-auc-std,test-aucpr-mean,test-aucpr-std,train-irr_score-mean,train-irr_score-std,test-irr_score-mean,test-irr_score-std
0.9504179723404503,0.001122928128686105,0.9609441533135952,0.0008288780347293708,0.9493332820275273,0.002123276235641779,0.9603426146621074,0.001624435067786532,0.6884916399999998,0.007445466222500776,0.6835984,0.008882471394831507
