train-auc-mean,train-auc-std,train-aucpr-mean,train-aucpr-std,test-auc-mean,test-auc-std,test-aucpr-mean,test-aucpr-std,train-irr_score-mean,train-irr_score-std,test-irr_score-mean,test-irr_score-std
0.9488432844186928,0.003268009129149747,0.957533494070368,0.007941229928565356,0.9476506294646021,0.0035150234543909024,0.9568681221109056,0.007911013726851521,0.6884733999999999,0.007577259203696288,0.6831300800000001,0.009420280296976303
