train-auc-mean,train-auc-std,train-aucpr-mean,train-aucpr-std,test-auc-mean,test-auc-std,test-aucpr-mean,test-aucpr-std,train-irr_score-mean,train-irr_score-std,test-irr_score-mean,test-irr_score-std
0.9488801242855034,0.003069487337180111,0.9575565958019847,0.007822327338245949,0.947712614545083,0.0034064123152091246,0.9569122567109228,0.007800146501159342,0.68850596,0.0075161489473266774,0.68321028,0.009711358424113482
