train-auc-mean,train-auc-std,train-aucpr-mean,train-aucpr-std,test-auc-mean,test-auc-std,test-aucpr-mean,test-aucpr-std,train-irr_score-mean,train-irr_score-std,test-irr_score-mean,test-irr_score-std
0.9521557260913686,0.0010253861167510356,0.9623074519580405,0.0008082930279496561,0.950880708079833,0.00234372104982467,0.9615829666792497,0.001884424197180924,0.6926814000000001,0.007022265321105421,0.68737972,0.008635548874368083
