train-auc-mean,train-auc-std,train-aucpr-mean,train-aucpr-std,test-auc-mean,test-auc-std,test-aucpr-mean,test-aucpr-std,train-irr_score-mean,train-irr_score-std,test-irr_score-mean,test-irr_score-std
0.9529908286808418,0.0011354838604740326,0.9629967082285888,0.0008588364278549005,0.9517057475094802,0.0022173691371634853,0.962286735405646,0.0017066134065534472,0.6927152,0.0077531839601546835,0.68705684,0.008829443786241575
