train-auc-mean,train-auc-std,train-aucpr-mean,train-aucpr-std,test-auc-mean,test-auc-std,test-aucpr-mean,test-aucpr-std,train-irr_score-mean,train-irr_score-std,test-irr_score-mean,test-irr_score-std
0.7734118816805995,0.012813707643982241,0.7065016565305551,0.011841172965489066,0.7713625683256791,0.01137639513973745,0.7047440155076614,0.010577318119539037,0.6557805999999999,0.0071871204748494314,0.6502456,0.006358000213903744
