train-auc-mean,train-auc-std,train-aucpr-mean,train-aucpr-std,test-auc-mean,test-auc-std,test-aucpr-mean,test-aucpr-std,train-irr_score-mean,train-irr_score-std,test-irr_score-mean,test-irr_score-std
0.9528586983829013,0.0006919927793524938,0.9630589938335636,0.0005629003121891576,0.951771415433515,0.001629059666311097,0.9624726305218462,0.0012884982373611079,0.68692796,0.006517409285782212,0.6819780400000001,0.006673200254630459
