train-auc-mean,train-auc-std,train-aucpr-mean,train-aucpr-std,test-auc-mean,test-auc-std,test-aucpr-mean,test-aucpr-std,train-irr_score-mean,train-irr_score-std,test-irr_score-mean,test-irr_score-std
0.9400766714895671,0.002681331072630134,0.9332590888136352,0.005716452118427837,0.9389508632079548,0.002893646835640985,0.9326480015923587,0.005368405068245115,0.6900107200000001,0.006756808515978535,0.6846212399999999,0.008500099925436167
