train-auc-mean,train-auc-std,train-aucpr-mean,train-aucpr-std,test-auc-mean,test-auc-std,test-aucpr-mean,test-aucpr-std,train-irr_score-mean,train-irr_score-std,test-irr_score-mean,test-irr_score-std
0.9528158458147038,0.0007914474409957608,0.9629173478493052,0.0006004537892318483,0.9516879698685274,0.0018019278818871799,0.9623020766316651,0.001385666163894828,0.6895722,0.00709899603042572,0.6842487599999998,0.008805359387463983
