train-auc-mean,train-auc-std,train-aucpr-mean,train-aucpr-std,test-auc-mean,test-auc-std,test-aucpr-mean,test-aucpr-std,train-irr_score-mean,train-irr_score-std,test-irr_score-mean,test-irr_score-std
0.7589979198635594,0.010202036865982748,0.6928470645662661,0.009559928498893602,0.7576341615941022,0.010795303019628074,0.6917698325537351,0.0100666009016558,0.6565362400000001,0.003864559817417775,0.65274844,0.0050470955772998665
