train-auc-mean,train-auc-std,train-aucpr-mean,train-aucpr-std,test-auc-mean,test-auc-std,test-aucpr-mean,test-aucpr-std,train-irr_score-mean,train-irr_score-std,test-irr_score-mean,test-irr_score-std
0.9527721982828514,0.0008138217811151292,0.9628922134140591,0.0005845462249563166,0.9516155497616481,0.0018844063516129013,0.9622612555499727,0.0014242365560978678,0.6889198799999999,0.007000410155526607,0.683553,0.009106182752394115
