train-auc-mean,train-auc-std,train-aucpr-mean,train-aucpr-std,test-auc-mean,test-auc-std,test-aucpr-mean,test-aucpr-std,train-irr_score-mean,train-irr_score-std,test-irr_score-mean,test-irr_score-std
0.9530858211193716,0.0008937594071606158,0.9631270323828738,0.000635834795620523,0.9519126256754754,0.001970063655164135,0.96247279508448,0.0014670836891994283,0.6907373200000001,0.007218138489776988,0.6855699199999999,0.008970174339086173
