train-auc-mean,train-auc-std,train-aucpr-mean,train-aucpr-std,test-auc-mean,test-auc-std,test-aucpr-mean,test-aucpr-std,train-irr_score-mean,train-irr_score-std,test-irr_score-mean,test-irr_score-std
0.9530975104025383,0.000921582752514308,0.9631426680705912,0.0006469105077885507,0.9519216126875478,0.0019666582980190656,0.9624859083252951,0.0014565922583657336,0.6908634,0.0071451496107499575,0.68569308,0.00896548050210361
