train-auc-mean,train-auc-std,train-aucpr-mean,train-aucpr-std,test-auc-mean,test-auc-std,test-aucpr-mean,test-aucpr-std,train-irr_score-mean,train-irr_score-std,test-irr_score-mean,test-irr_score-std
0.9518195608179699,0.0004893800786526643,0.9623693529357318,0.00044972786937235435,0.9507212776682361,0.0017808491279404086,0.9617607739240257,0.001475619973712374,0.6847783199999999,0.0043891042796452276,0.6805494800000002,0.006647748100642809
