train-auc-mean,train-auc-std,train-aucpr-mean,train-aucpr-std,test-auc-mean,test-auc-std,test-aucpr-mean,test-aucpr-std,train-irr_score-mean,train-irr_score-std,test-irr_score-mean,test-irr_score-std
0.9544816564070727,0.0009662135520986061,0.9640015825122968,0.0007545600213525768,0.9533628576213673,0.00194685600880525,0.9633598616674314,0.0014952113452332708,0.6981982000000001,0.006691529529188375,0.69320652,0.008313645193872546
0.9292945626305348,0.007390479415389714,0.9539788972704253,0.0041440324589625075,0.9268582011161075,0.007489567701404119,0.9525571016577389,0.004255537790866204,0.7232169999999999,0.015127763319142718,0.71662692,0.01521677151282754
