train-auc-mean,train-auc-std,train-aucpr-mean,train-aucpr-std,test-auc-mean,test-auc-std,test-aucpr-mean,test-aucpr-std,train-irr_score-mean,train-irr_score-std,test-irr_score-mean,test-irr_score-std
0.9537014956224823,0.0011125937128090542,0.9632925550939746,0.0008206217072818699,0.9525547051589828,0.0020710173635250214,0.9626198509349604,0.0015548145246258697,0.69667328,0.0074829874863987286,0.69214956,0.009633968412154978
