train-auc-mean,train-auc-std,train-aucpr-mean,train-aucpr-std,test-auc-mean,test-auc-std,test-aucpr-mean,test-aucpr-std,train-irr_score-mean,train-irr_score-std,test-irr_score-mean,test-irr_score-std
0.9534837741247881,0.0012301528095839775,0.963151148645249,0.0009757618084766293,0.9522504892882844,0.0022680290245372494,0.9624388860071528,0.0017632541742271313,0.69716604,0.00842282605058421,0.6921145999999999,0.010363156715981871
