train-auc-mean,train-auc-std,train-aucpr-mean,train-aucpr-std,test-auc-mean,test-auc-std,test-aucpr-mean,test-aucpr-std,train-irr_score-mean,train-irr_score-std,test-irr_score-mean,test-irr_score-std
0.8781358266208951,0.007720623829360165,0.8246760157565697,0.011924109186933044,0.8767576689012722,0.007383705649403073,0.8235205343309433,0.011207098455395633,0.696486,0.009327341829267331,0.69199544,0.010652185071918337
