train-auc-mean,train-auc-std,train-aucpr-mean,train-aucpr-std,test-auc-mean,test-auc-std,test-aucpr-mean,test-aucpr-std,train-irr_score-mean,train-irr_score-std,test-irr_score-mean,test-irr_score-std
0.9532507312670616,0.0010391078212641375,0.9629734454763289,0.0007703190011586261,0.9520325874459785,0.0021928224770770017,0.9622571310993453,0.0016818991777413036,0.6979155200000001,0.00817310427742114,0.69286648,0.0098007646318846
