train-auc-mean,train-auc-std,train-aucpr-mean,train-aucpr-std,test-auc-mean,test-auc-std,test-aucpr-mean,test-aucpr-std,train-irr_score-mean,train-irr_score-std,test-irr_score-mean,test-irr_score-std
0.8494592117027936,0.009404986783338665,0.7868640297842844,0.011315378732515568,0.8478818966270153,0.011466372751771847,0.7855929219298297,0.013720184723565535,0.6967612000000001,0.009009545093954522,0.69164904,0.010869844582072003
