train-auc-mean,train-auc-std,train-aucpr-mean,train-aucpr-std,test-auc-mean,test-auc-std,test-aucpr-mean,test-aucpr-std,train-irr_score-mean,train-irr_score-std,test-irr_score-mean,test-irr_score-std
0.8441811587543256,0.008846106805351523,0.7804784082569602,0.010420718529477745,0.8425312248959436,0.010470201652740525,0.7790955218325926,0.012320156781899136,0.6957424400000001,0.009163265514345853,0.6909695199999999,0.010408039466181901
