train-auc-mean,train-auc-std,train-aucpr-mean,train-aucpr-std,test-auc-mean,test-auc-std,test-aucpr-mean,test-aucpr-std,train-irr_score-mean,train-irr_score-std,test-irr_score-mean,test-irr_score-std
0.8195273775768672,0.0054574824250678096,0.7522601393361188,0.006046923224222131,0.8176989803631334,0.005665324160857344,0.7506609036524142,0.006330874134086647,0.69780272,0.00862080693448124,0.69243552,0.009117868032034666
