train-auc-mean,train-auc-std,train-aucpr-mean,train-aucpr-std,test-auc-mean,test-auc-std,test-aucpr-mean,test-aucpr-std,train-irr_score-mean,train-irr_score-std,test-irr_score-mean,test-irr_score-std
0.8218226534972339,0.005671243129849086,0.7547003956171565,0.006283849555051104,0.8198309469680441,0.006740347894354244,0.7529571498000398,0.007471306902050576,0.6985038400000001,0.008450617410248796,0.69288992,0.00877977577353773
