train-auc-mean,train-auc-std,train-aucpr-mean,train-aucpr-std,test-auc-mean,test-auc-std,test-aucpr-mean,test-aucpr-std,train-irr_score-mean,train-irr_score-std,test-irr_score-mean,test-irr_score-std
0.8208317831946301,0.005632247108865836,0.7537832006339908,0.00626044715968918,0.8189999987156175,0.006976503517386734,0.7521819622951518,0.007703625463359929,0.6973411200000001,0.007846104201806132,0.6917597199999999,0.008879819626636556
