train-auc-mean,train-auc-std,train-aucpr-mean,train-aucpr-std,test-auc-mean,test-auc-std,test-aucpr-mean,test-aucpr-std,train-irr_score-mean,train-irr_score-std,test-irr_score-mean,test-irr_score-std
0.8214769286802311,0.005858324772440246,0.7544618359383045,0.006503168453332427,0.8196342213381718,0.007069906699990537,0.7528494356090799,0.007840385855050182,0.6985236,0.008172305236590224,0.69295296,0.00897239311434803
