train-auc-mean,train-auc-std,train-aucpr-mean,train-aucpr-std,test-auc-mean,test-auc-std,test-aucpr-mean,test-aucpr-std,train-irr_score-mean,train-irr_score-std,test-irr_score-mean,test-irr_score-std
0.8195327021073819,0.004989991882092097,0.7523496497282862,0.005545805059492245,0.8175409805600664,0.005794571273055088,0.7505718299050915,0.006439526712079872,0.6965039199999999,0.008275831157871692,0.6910782799999999,0.009477981968837028
