train-auc-mean,train-auc-std,train-aucpr-mean,train-aucpr-std,test-auc-mean,test-auc-std,test-aucpr-mean,test-aucpr-std,train-irr_score-mean,train-irr_score-std,test-irr_score-mean,test-irr_score-std
0.8107921390125719,0.010641106465856814,0.7429610683988694,0.010963353397702899,0.808729244645146,0.011792607370283632,0.7411717533924707,0.012047174048758946,0.70175016,0.008459590239154605,0.69619832,0.008605744452259778
