train-auc-mean,train-auc-std,train-aucpr-mean,train-aucpr-std,test-auc-mean,test-auc-std,test-aucpr-mean,test-aucpr-std,train-irr_score-mean,train-irr_score-std,test-irr_score-mean,test-irr_score-std
0.8115928791705731,0.011648537420104082,0.7439352339051756,0.01217015737041502,0.809733977655166,0.013022203496657878,0.7423513183054763,0.013567412744706993,0.69978912,0.00802753452223036,0.69429952,0.008664228303178527
