train-auc-mean,train-auc-std,train-aucpr-mean,train-aucpr-std,test-auc-mean,test-auc-std,test-aucpr-mean,test-aucpr-std,train-irr_score-mean,train-irr_score-std,test-irr_score-mean,test-irr_score-std
0.8109124098845558,0.01029710127215373,0.7430745495302247,0.01061118547698606,0.808792358016013,0.011649167719065759,0.7412331493955526,0.011904842690165908,0.70148916,0.008048591398151596,0.69579672,0.008793997873640868
