train-auc-mean,train-auc-std,train-aucpr-mean,train-aucpr-std,test-auc-mean,test-auc-std,test-aucpr-mean,test-aucpr-std,train-irr_score-mean,train-irr_score-std,test-irr_score-mean,test-irr_score-std
0.8144517515932143,0.01172525625904399,0.7470326603051067,0.0123648012269002,0.8128047845464306,0.012680281092679163,0.745611263320354,0.013424830829643911,0.69835232,0.008657642389103399,0.6938228400000002,0.009347509536470134
