train-auc-mean,train-auc-std,train-aucpr-mean,train-aucpr-std,test-auc-mean,test-auc-std,test-aucpr-mean,test-aucpr-std,train-irr_score-mean,train-irr_score-std,test-irr_score-mean,test-irr_score-std
0.8115067656824638,0.009764680023621516,0.7437858011796985,0.010046262679595755,0.809671645929416,0.010412139046123236,0.7421591387232026,0.010697235285934923,0.69921244,0.008188313565466338,0.6945715200000001,0.008934708362873415
