train-auc-mean,train-auc-std,train-aucpr-mean,train-aucpr-std,test-auc-mean,test-auc-std,test-aucpr-mean,test-aucpr-std,train-irr_score-mean,train-irr_score-std,test-irr_score-mean,test-irr_score-std
0.8146099484867243,0.011944336454381426,0.7471838790141024,0.012632827674648038,0.8129544118934267,0.013052661578764509,0.7457697520002617,0.013852502310333008,0.69867776,0.00832180367122416,0.6939503599999999,0.009027138890612017
