train-auc-mean,train-auc-std,train-aucpr-mean,train-aucpr-std,test-auc-mean,test-auc-std,test-aucpr-mean,test-aucpr-std,train-irr_score-mean,train-irr_score-std,test-irr_score-mean,test-irr_score-std
0.8125801295828035,0.01205229366213648,0.7450554804098615,0.012633939041384764,0.8108788275252603,0.013599589981707462,0.7436109394373279,0.014227203791165514,0.69625444,0.008996117776374433,0.6917311600000001,0.009304313682072416
