train-auc-mean,train-auc-std,train-aucpr-mean,train-aucpr-std,test-auc-mean,test-auc-std,test-aucpr-mean,test-aucpr-std,train-irr_score-mean,train-irr_score-std,test-irr_score-mean,test-irr_score-std
0.8100881319737476,0.011372859197300505,0.7423568015344987,0.011669249432900356,0.8084752307656272,0.012291204859187105,0.7409790744178711,0.012546220508801432,0.69831148,0.008513539560582305,0.6938515600000001,0.00910003108601285
