train-auc-mean,train-auc-std,train-aucpr-mean,train-aucpr-std,test-auc-mean,test-auc-std,test-aucpr-mean,test-aucpr-std,train-irr_score-mean,train-irr_score-std,test-irr_score-mean,test-irr_score-std
0.7467682646088214,0.012030764583180607,0.6820031856111166,0.01048383121823095,0.7447927500519748,0.011950683956010927,0.680375982612702,0.010372623180607752,0.6516667599999999,0.006014874743699985,0.64756196,0.006474828643168868
