train-auc-mean,train-auc-std,train-aucpr-mean,train-aucpr-std,test-auc-mean,test-auc-std,test-aucpr-mean,test-aucpr-std,train-irr_score-mean,train-irr_score-std,test-irr_score-mean,test-irr_score-std
0.8102752093054313,0.011066342230402634,0.7425843679896788,0.011357612676968363,0.8087211761756401,0.011635047174297126,0.7412413825244651,0.011854106414251164,0.6984816,0.007929988262286402,0.6940832400000001,0.008678990205225489
