train-auc-mean,train-auc-std,train-aucpr-mean,train-aucpr-std,test-auc-mean,test-auc-std,test-aucpr-mean,test-aucpr-std,train-irr_score-mean,train-irr_score-std,test-irr_score-mean,test-irr_score-std
0.8101027252276538,0.011437062328727338,0.7423724236874097,0.011780777737807262,0.8083128529633811,0.012073251014323216,0.7408163961833542,0.012308239136379772,0.69825288,0.008187554801379953,0.6932870000000001,0.008865091227956983
