train-auc-mean,train-auc-std,train-aucpr-mean,train-aucpr-std,test-auc-mean,test-auc-std,test-aucpr-mean,test-aucpr-std,train-irr_score-mean,train-irr_score-std,test-irr_score-mean,test-irr_score-std
0.8118587882344173,0.01128701640066088,0.7443367452679276,0.011846870181738347,0.8101547014757923,0.012446374476862148,0.7428639657895205,0.01309557691013359,0.6946849600000001,0.009126275378181396,0.68996392,0.00916317393448362
