train-auc-mean,train-auc-std,train-aucpr-mean,train-aucpr-std,test-auc-mean,test-auc-std,test-aucpr-mean,test-aucpr-std,train-irr_score-mean,train-irr_score-std,test-irr_score-mean,test-irr_score-std
0.8088006175163828,0.010761863745693183,0.7409393089245243,0.010966369054489652,0.8069260445739604,0.011141775720930372,0.7392802941850628,0.011272322377193838,0.7000797200000001,0.007906356781830675,0.69508212,0.008654125879925716
