train-auc-mean,train-auc-std,train-aucpr-mean,train-aucpr-std,test-auc-mean,test-auc-std,test-aucpr-mean,test-aucpr-std,train-irr_score-mean,train-irr_score-std,test-irr_score-mean,test-irr_score-std
0.8036701066766309,0.011184608074208624,0.7357477660759919,0.011281777334746388,0.8021528854019161,0.012089244694288601,0.734463122802795,0.012072107790877683,0.6941067999999998,0.007865062573177662,0.68972324,0.008873821004640554
