train-auc-mean,train-auc-std,train-aucpr-mean,train-aucpr-std,test-auc-mean,test-auc-std,test-aucpr-mean,test-aucpr-std,train-irr_score-mean,train-irr_score-std,test-irr_score-mean,test-irr_score-std
0.8086257043651268,0.010642051991504205,0.7408242406327106,0.011027948674461864,0.8069717748172988,0.010619084725424888,0.7393791938704035,0.01103263752810772,0.6972076800000001,0.008536290096851201,0.69254064,0.00891671517490605
