train-auc-mean,train-auc-std,train-aucpr-mean,train-aucpr-std,test-auc-mean,test-auc-std,test-aucpr-mean,test-aucpr-std,train-irr_score-mean,train-irr_score-std,test-irr_score-mean,test-irr_score-std
0.8068042294100906,0.011453948022682868,0.7389648334267613,0.011629062397036129,0.8052503120426637,0.012101960644841014,0.7376334520653335,0.012136647714282758,0.6971952399999999,0.007812649539202436,0.6925815200000001,0.008711099816303332
