train-auc-mean,train-auc-std,train-aucpr-mean,train-aucpr-std,test-auc-mean,test-auc-std,test-aucpr-mean,test-aucpr-std,train-irr_score-mean,train-irr_score-std,test-irr_score-mean,test-irr_score-std
0.813819399295215,0.011603915071253388,0.7463264378654205,0.012227576317421234,0.8121896706124991,0.012859949108729266,0.7449363193977586,0.013601682325417756,0.6991043600000001,0.008089915232584337,0.69455292,0.008840967869730107
