train-auc-mean,train-auc-std,train-aucpr-mean,train-aucpr-std,test-auc-mean,test-auc-std,test-aucpr-mean,test-aucpr-std,train-irr_score-mean,train-irr_score-std,test-irr_score-mean,test-irr_score-std
0.8106598403249214,0.010347762026672922,0.7430357459310625,0.010805580575039563,0.8089504519553751,0.011165516111326235,0.7415467117653322,0.011697018394112153,0.69484448,0.007625228249016548,0.6901909199999998,0.008426054288550477
