train-auc-mean,train-auc-std,train-aucpr-mean,train-aucpr-std,test-auc-mean,test-auc-std,test-aucpr-mean,test-aucpr-std,train-irr_score-mean,train-irr_score-std,test-irr_score-mean,test-irr_score-std
0.8074830493599214,0.011267994327648348,0.7396187060425943,0.01143250906938433,0.8055620112014624,0.011952149502958849,0.7379197413398263,0.012070008779037938,0.7001111600000001,0.008096110486795503,0.69509768,0.009033171951070139
