train-auc-mean,train-auc-std,train-aucpr-mean,train-aucpr-std,test-auc-mean,test-auc-std,test-aucpr-mean,test-aucpr-std,train-irr_score-mean,train-irr_score-std,test-irr_score-mean,test-irr_score-std
0.8095144981172452,0.010420305040171335,0.7417030780589815,0.010645987329212554,0.8076402001371048,0.010949084145883982,0.7400649495016374,0.011175019775830694,0.70178168,0.00765938968701815,0.6962918,0.00844377650580593
