train-auc-mean,train-auc-std,train-aucpr-mean,train-aucpr-std,test-auc-mean,test-auc-std,test-aucpr-mean,test-aucpr-std,train-irr_score-mean,train-irr_score-std,test-irr_score-mean,test-irr_score-std
0.8071082556116287,0.01122332657721095,0.73930859690606,0.01136906183154634,0.8052445021289895,0.011704975031300953,0.7376710513215889,0.011812350569980992,0.6979428799999999,0.008157496877449589,0.69259092,0.008841693973080036
