train-auc-mean,train-auc-std,train-aucpr-mean,train-aucpr-std,test-auc-mean,test-auc-std,test-aucpr-mean,test-aucpr-std,train-irr_score-mean,train-irr_score-std,test-irr_score-mean,test-irr_score-std
0.7691078854237986,0.014148837853381674,0.7021524151377089,0.013439745333874376,0.7674550903948338,0.01458917463388616,0.7007617964651114,0.013747687901202371,0.66692984,0.005775095293967022,0.66273916,0.006276952570666764
