train-auc-mean,train-auc-std,train-aucpr-mean,train-aucpr-std,test-auc-mean,test-auc-std,test-aucpr-mean,test-aucpr-std,train-irr_score-mean,train-irr_score-std,test-irr_score-mean,test-irr_score-std
0.808944890037955,0.010037474912579931,0.7410979807779066,0.010256970199839711,0.8071177676378095,0.010731816244269369,0.7395081692344833,0.01097529985780558,0.70200204,0.007595238395099914,0.6965631200000001,0.008200234910391298
