train-auc-mean,train-auc-std,train-aucpr-mean,train-aucpr-std,test-auc-mean,test-auc-std,test-aucpr-mean,test-aucpr-std,train-irr_score-mean,train-irr_score-std,test-irr_score-mean,test-irr_score-std
0.8087790567302442,0.00991615933061154,0.7409192406524058,0.010126873728307518,0.8069518027200862,0.01062007098556346,0.7393314146149917,0.010856384742102968,0.701893,0.007518467663028146,0.69643076,0.008106818455004416
