train-auc-mean,train-auc-std,train-aucpr-mean,train-aucpr-std,test-auc-mean,test-auc-std,test-aucpr-mean,test-aucpr-std,train-irr_score-mean,train-irr_score-std,test-irr_score-mean,test-irr_score-std
0.8088732093393567,0.009977386384551836,0.7410214597292699,0.010193430159995695,0.8070158667506823,0.010667772182069822,0.7394004379231863,0.01090796171233341,0.701893,0.007518467663028146,0.69643076,0.008106818455004416
