train-auc-mean,train-auc-std,train-aucpr-mean,train-aucpr-std,test-auc-mean,test-auc-std,test-aucpr-mean,test-aucpr-std,train-irr_score-mean,train-irr_score-std,test-irr_score-mean,test-irr_score-std
0.8092412040403348,0.01022157566951149,0.7414060051014713,0.010453655557181188,0.8073963924200654,0.010636299665488328,0.7397899159444092,0.010882477728100708,0.70228508,0.007757432085013694,0.6968018,0.007880710429904155
