train-auc-mean,train-auc-std,train-aucpr-mean,train-aucpr-std,test-auc-mean,test-auc-std,test-aucpr-mean,test-aucpr-std,train-irr_score-mean,train-irr_score-std,test-irr_score-mean,test-irr_score-std
0.8089560292326111,0.010091628143935695,0.7411186764242753,0.010316731657821761,0.8071368475469824,0.010680658594898815,0.7395362432485041,0.010924016781378101,0.7021127600000001,0.007649661808367737,0.6965952000000002,0.008159263054957856
