train-auc-mean,train-auc-std,train-aucpr-mean,train-aucpr-std,test-auc-mean,test-auc-std,test-aucpr-mean,test-aucpr-std,train-irr_score-mean,train-irr_score-std,test-irr_score-mean,test-irr_score-std
0.8068251607008453,0.010390460568817794,0.738977042833693,0.010576613160012184,0.8049422486258203,0.011062518264613887,0.737324928014161,0.011246849290370436,0.6985418,0.007590371005425227,0.6932072400000001,0.008260841910023454
