train-auc-mean,train-auc-std,train-aucpr-mean,train-aucpr-std,test-auc-mean,test-auc-std,test-aucpr-mean,test-aucpr-std,train-irr_score-mean,train-irr_score-std,test-irr_score-mean,test-irr_score-std
0.8060270277558356,0.01147896350326132,0.7381533531063558,0.011653665136473448,0.8044721088527003,0.012607636401203662,0.7368467138592782,0.012743894454836518,0.6976808,0.007632170338769957,0.69293792,0.008966662535949478
