train-auc-mean,train-auc-std,train-aucpr-mean,train-aucpr-std,test-auc-mean,test-auc-std,test-aucpr-mean,test-aucpr-std,train-irr_score-mean,train-irr_score-std,test-irr_score-mean,test-irr_score-std
0.7441926821086555,0.00434004881668392,0.6796295767064688,0.003747293234210354,0.742947347334804,0.005474669470832218,0.6786452367487061,0.004660748577063146,0.64359456,0.005394887536028902,0.6404535199999999,0.005617196860499011
