train-auc-mean,train-auc-std,train-aucpr-mean,train-aucpr-std,test-auc-mean,test-auc-std,test-aucpr-mean,test-aucpr-std,train-irr_score-mean,train-irr_score-std,test-irr_score-mean,test-irr_score-std
0.8091006749644042,0.011529654752585555,0.741303578863978,0.011772730916936043,0.8072845593226758,0.012676992499412674,0.7397385357250836,0.01290212822207204,0.70266544,0.008381624162798045,0.69722608,0.009281206326421154
