train-auc-mean,train-auc-std,train-aucpr-mean,train-aucpr-std,test-auc-mean,test-auc-std,test-aucpr-mean,test-aucpr-std,train-irr_score-mean,train-irr_score-std,test-irr_score-mean,test-irr_score-std
0.8079622490001164,0.010727978345408742,0.7401357767820244,0.010912151339831606,0.8063365071330143,0.011425289027274724,0.7387433196590034,0.011585465832186472,0.6991784,0.007673828650680168,0.69409964,0.008862135074032674
