train-auc-mean,train-auc-std,train-aucpr-mean,train-aucpr-std,test-auc-mean,test-auc-std,test-aucpr-mean,test-aucpr-std,train-irr_score-mean,train-irr_score-std,test-irr_score-mean,test-irr_score-std
0.8092553561929888,0.011860280119628051,0.7415009628407779,0.01213274465973824,0.8077100581821702,0.012848897905490443,0.7402061361636385,0.01310492493689411,0.7024379200000002,0.008543898983110703,0.69740124,0.009397116235441599
