train-auc-mean,train-auc-std,train-aucpr-mean,train-aucpr-std,test-auc-mean,test-auc-std,test-aucpr-mean,test-aucpr-std,train-irr_score-mean,train-irr_score-std,test-irr_score-mean,test-irr_score-std
0.8072791532263354,0.011752608294747583,0.739484757360134,0.011973238784365115,0.8056531452820438,0.012868589174636432,0.7381139068084535,0.013055617113089514,0.69920936,0.008033352460237248,0.69415032,0.009186011760149224
