train-auc-mean,train-auc-std,train-aucpr-mean,train-aucpr-std,test-auc-mean,test-auc-std,test-aucpr-mean,test-aucpr-std,train-irr_score-mean,train-irr_score-std,test-irr_score-mean,test-irr_score-std
0.8118506105992727,0.010098720413255166,0.744113562878069,0.010317865427812583,0.8101132939625866,0.011585691880991365,0.7426176605177274,0.01179513257288323,0.7047981999999999,0.006776014645792907,0.69981916,0.00803985301696493
