train-auc-mean,train-auc-std,train-aucpr-mean,train-aucpr-std,test-auc-mean,test-auc-std,test-aucpr-mean,test-aucpr-std,train-irr_score-mean,train-irr_score-std,test-irr_score-mean,test-irr_score-std
0.8116923113726401,0.009996449021470268,0.7439097468703858,0.010204860075922223,0.8099179297281793,0.011527690112398044,0.7423840455117161,0.011728827486506969,0.7041557999999999,0.0069997369722011715,0.69902048,0.008550851261108456
