train-auc-mean,train-auc-std,train-aucpr-mean,train-aucpr-std,test-auc-mean,test-auc-std,test-aucpr-mean,test-aucpr-std,train-irr_score-mean,train-irr_score-std,test-irr_score-mean,test-irr_score-std
0.810225534733056,0.009430160987008638,0.7423780135817936,0.009602927003852721,0.8084908497025713,0.011010284435690576,0.7408933201782376,0.011167823403248919,0.7025945599999999,0.006544197888694987,0.69752872,0.008064482721266126
