train-auc-mean,train-auc-std,train-aucpr-mean,train-aucpr-std,test-auc-mean,test-auc-std,test-aucpr-mean,test-aucpr-std,train-irr_score-mean,train-irr_score-std,test-irr_score-mean,test-irr_score-std
0.8107632570392976,0.009636959247194616,0.7429448649063403,0.009831505393446655,0.8090745827574921,0.01115724242597719,0.7415014592604391,0.011329001557707911,0.70342972,0.006148431484663384,0.6984810400000001,0.0074584013540704595
