train-auc-mean,train-auc-std,train-aucpr-mean,train-aucpr-std,test-auc-mean,test-auc-std,test-aucpr-mean,test-aucpr-std,train-irr_score-mean,train-irr_score-std,test-irr_score-mean,test-irr_score-std
0.8086392894524244,0.009805159987375406,0.7408185281346968,0.009953821167957646,0.8068998367670536,0.01154293915840118,0.7393235052676413,0.011674004839988861,0.70002056,0.005973997697220843,0.69542428,0.007680221384934156
