train-auc-mean,train-auc-std,train-aucpr-mean,train-aucpr-std,test-auc-mean,test-auc-std,test-aucpr-mean,test-aucpr-std,train-irr_score-mean,train-irr_score-std,test-irr_score-mean,test-irr_score-std
0.8092004027306711,0.009739185046954936,0.7413795618385833,0.009917440888679586,0.8075690567919446,0.011301319207373714,0.7400024765907495,0.011460241819539673,0.70028116,0.006491884864536653,0.6952917599999999,0.008345243269216294
