train-auc-mean,train-auc-std,train-aucpr-mean,train-aucpr-std,test-auc-mean,test-auc-std,test-aucpr-mean,test-aucpr-std,train-irr_score-mean,train-irr_score-std,test-irr_score-mean,test-irr_score-std
0.808535425855551,0.009645506016760945,0.7405818286706425,0.009757543649906912,0.8067150454346813,0.011598705818411745,0.7390378004230709,0.011685525004366202,0.6999533600000001,0.006369300538552098,0.69500128,0.008455893417114472
