train-auc-mean,train-auc-std,train-aucpr-mean,train-aucpr-std,test-auc-mean,test-auc-std,test-aucpr-mean,test-aucpr-std,train-irr_score-mean,train-irr_score-std,test-irr_score-mean,test-irr_score-std
0.8103675146209425,0.009399644348751325,0.7425526084852052,0.009579743369319183,0.8086242873209031,0.010915930730990609,0.7410511494062062,0.011082374819188497,0.7033551600000001,0.006117689306788958,0.6984038000000001,0.007435838163919389
