train-auc-mean,train-auc-std,train-aucpr-mean,train-aucpr-std,test-auc-mean,test-auc-std,test-aucpr-mean,test-aucpr-std,train-irr_score-mean,train-irr_score-std,test-irr_score-mean,test-irr_score-std
0.8082956184227497,0.009520898911186404,0.740432211522842,0.009644798661921477,0.8066251492123091,0.01136300433106356,0.7390146576482589,0.011475930961910389,0.7004771999999998,0.0059804016520631775,0.69583172,0.007691102685675179
