train-auc-mean,train-auc-std,train-aucpr-mean,train-aucpr-std,test-auc-mean,test-auc-std,test-aucpr-mean,test-aucpr-std,train-irr_score-mean,train-irr_score-std,test-irr_score-mean,test-irr_score-std
0.8093681377340726,0.009963535475366839,0.7415760306408532,0.01014489974495177,0.8077838014048118,0.011565905434810295,0.740245246736101,0.011732715071121672,0.70106916,0.006070828712325848,0.6963759599999999,0.007683730445454219
