train-auc-mean,train-auc-std,train-aucpr-mean,train-aucpr-std,test-auc-mean,test-auc-std,test-aucpr-mean,test-aucpr-std,train-irr_score-mean,train-irr_score-std,test-irr_score-mean,test-irr_score-std
0.811094567605197,0.009700319098292474,0.7432370183237963,0.009880223656221782,0.8093097734075075,0.011228332081881265,0.741712388394144,0.0113958941589524,0.70334796,0.006730385097332839,0.6981727200000001,0.00831598210445405
