train-auc-mean,train-auc-std,train-aucpr-mean,train-aucpr-std,test-auc-mean,test-auc-std,test-aucpr-mean,test-aucpr-std,train-irr_score-mean,train-irr_score-std,test-irr_score-mean,test-irr_score-std
0.8108474711309134,0.0097809455902454,0.7430795057751436,0.009998177779114709,0.8091085036259618,0.011353372918410702,0.7415960775676008,0.011558682039097087,0.7033224000000001,0.007264874881235044,0.6980289599999999,0.009008636738064204
