train-auc-mean,train-auc-std,train-aucpr-mean,train-aucpr-std,test-auc-mean,test-auc-std,test-aucpr-mean,test-aucpr-std,train-irr_score-mean,train-irr_score-std,test-irr_score-mean,test-irr_score-std
0.8104449749841148,0.009621189127604637,0.7427063833706739,0.009851534693511953,0.8085995643794992,0.011146026107388131,0.7410984424498895,0.011352450812282694,0.7022299599999999,0.007018260032116225,0.6969542,0.008509053329248792
