train-auc-mean,train-auc-std,train-aucpr-mean,train-aucpr-std,test-auc-mean,test-auc-std,test-aucpr-mean,test-aucpr-std,train-irr_score-mean,train-irr_score-std,test-irr_score-mean,test-irr_score-std
0.8073187618639983,0.010549024010624134,0.739496524101545,0.010721913049068733,0.8057665432192492,0.011936071679894682,0.7381969952657512,0.012071709193754134,0.69812372,0.007445085522786143,0.6933159999999999,0.009426357010001272
