train-auc-mean,train-auc-std,train-aucpr-mean,train-aucpr-std,test-auc-mean,test-auc-std,test-aucpr-mean,test-aucpr-std,train-irr_score-mean,train-irr_score-std,test-irr_score-mean,test-irr_score-std
0.808056228850688,0.009770016816258565,0.7401977965733556,0.009971184463385668,0.8061665191471928,0.011135879515233302,0.7385562403263708,0.011302617523236986,0.7011510799999999,0.006625124559855455,0.6959841599999999,0.008369220841535968
