train-auc-mean,train-auc-std,train-aucpr-mean,train-aucpr-std,test-auc-mean,test-auc-std,test-aucpr-mean,test-aucpr-std,train-irr_score-mean,train-irr_score-std,test-irr_score-mean,test-irr_score-std
0.8089940526529286,0.011640701496174261,0.7412161522061043,0.011890802552134748,0.8072734075531548,0.012633870780500973,0.7397420621720258,0.012858503701290375,0.70183744,0.008329206358735512,0.6965236400000001,0.009323498553139803
