train-auc-mean,train-auc-std,train-aucpr-mean,train-aucpr-std,test-auc-mean,test-auc-std,test-aucpr-mean,test-aucpr-std,train-irr_score-mean,train-irr_score-std,test-irr_score-mean,test-irr_score-std
0.8089602875463872,0.009377980480460674,0.7410197089390949,0.009548710047944078,0.8070331780433193,0.01132828074578868,0.7393866990458879,0.011466571560783336,0.69919596,0.0060071957016897565,0.69419732,0.007807135386145169
