train-auc-mean,train-auc-std,train-aucpr-mean,train-aucpr-std,test-auc-mean,test-auc-std,test-aucpr-mean,test-aucpr-std,train-irr_score-mean,train-irr_score-std,test-irr_score-mean,test-irr_score-std
0.8089866517850202,0.011708525920827988,0.7412110762478611,0.011963013764375587,0.8073618304345829,0.012735530828080658,0.7398359395855225,0.012970890049484573,0.7023156399999999,0.008556537130779016,0.6972340000000001,0.00950054155088014
