train-auc-mean,train-auc-std,train-aucpr-mean,train-aucpr-std,test-auc-mean,test-auc-std,test-aucpr-mean,test-aucpr-std,train-irr_score-mean,train-irr_score-std,test-irr_score-mean,test-irr_score-std
0.8069047139546619,0.010701252823169857,0.7390725493688645,0.01084015402810495,0.8053053225781795,0.012131062686229438,0.7377293346584216,0.01223343852336451,0.6977032799999999,0.007710932682989784,0.69287672,0.009712309276459446
