train-auc-mean,train-auc-std,train-aucpr-mean,train-aucpr-std,test-auc-mean,test-auc-std,test-aucpr-mean,test-aucpr-std,train-irr_score-mean,train-irr_score-std,test-irr_score-mean,test-irr_score-std
0.808770491459265,0.009737220700929727,0.7410829888742804,0.009916195013592692,0.8069696367763579,0.011378502513626036,0.7395155422126267,0.01154197335173883,0.69854396,0.0067720180536085415,0.6940004000000001,0.008052242604392893
