train-auc-mean,train-auc-std,train-aucpr-mean,train-aucpr-std,test-auc-mean,test-auc-std,test-aucpr-mean,test-aucpr-std,train-irr_score-mean,train-irr_score-std,test-irr_score-mean,test-irr_score-std
0.8102104723144062,0.011153480898162212,0.7424197968201143,0.011365360015847996,0.8084904610892276,0.012304619372319438,0.7409533346274855,0.012491948363641191,0.7023385999999999,0.008576943982561615,0.69707848,0.009946908806739901
