train-auc-mean,train-auc-std,train-aucpr-mean,train-aucpr-std,test-auc-mean,test-auc-std,test-aucpr-mean,test-aucpr-std,train-irr_score-mean,train-irr_score-std,test-irr_score-mean,test-irr_score-std
0.807290466322194,0.011200652233727222,0.7393889024873159,0.011323446986668834,0.8054510048199904,0.012548336628374155,0.737819605271649,0.012638645736425829,0.6988009599999999,0.008124364548590855,0.6934050399999999,0.009514214231264709
