train-auc-mean,train-auc-std,train-aucpr-mean,train-aucpr-std,test-auc-mean,test-auc-std,test-aucpr-mean,test-aucpr-std,train-irr_score-mean,train-irr_score-std,test-irr_score-mean,test-irr_score-std
0.8085132637823336,0.009759024648651688,0.7406783832022312,0.009913045514664898,0.8068804223756242,0.011635914974552864,0.7393094307469634,0.011777042907706056,0.7000072399999999,0.006370182391611723,0.6952352399999999,0.00825462656347336
