train-auc-mean,train-auc-std,train-aucpr-mean,train-aucpr-std,test-auc-mean,test-auc-std,test-aucpr-mean,test-aucpr-std,train-irr_score-mean,train-irr_score-std,test-irr_score-mean,test-irr_score-std
0.7644496189622206,0.013520978877695536,0.6978580146864711,0.012694437650086484,0.7628494783054467,0.014063284366550797,0.6965331586622672,0.013128278971066097,0.6627236400000001,0.005643846247941199,0.65889708,0.00668281062978744
