train-auc-mean,train-auc-std,train-aucpr-mean,train-aucpr-std,test-auc-mean,test-auc-std,test-aucpr-mean,test-aucpr-std,train-irr_score-mean,train-irr_score-std,test-irr_score-mean,test-irr_score-std
0.807237341373483,0.010954972078260888,0.7392128233053374,0.0110962463634449,0.8055248710585312,0.012372797357575425,0.7377938246315091,0.012477770287998612,0.6993917199999999,0.007071277392494235,0.6941610800000001,0.008728213370077526
