train-auc-mean,train-auc-std,train-aucpr-mean,train-aucpr-std,test-auc-mean,test-auc-std,test-aucpr-mean,test-aucpr-std,train-irr_score-mean,train-irr_score-std,test-irr_score-mean,test-irr_score-std
0.8091058466445201,0.009501396769165763,0.7412393844471171,0.009715779220716371,0.8071251819631121,0.01046211384974383,0.7394696961048204,0.010623644977207879,0.7052899199999999,0.006799229144072147,0.70026136,0.00806904332312078
