train-auc-mean,train-auc-std,train-aucpr-mean,train-aucpr-std,test-auc-mean,test-auc-std,test-aucpr-mean,test-aucpr-std,train-irr_score-mean,train-irr_score-std,test-irr_score-mean,test-irr_score-std
0.8102946860823131,0.009951287260494272,0.7425522276295115,0.010197638591127796,0.8084928739742735,0.011195767937225048,0.7409759890391447,0.011425084040098973,0.70471504,0.006636526479898962,0.69983812,0.007880310371146561
