train-auc-mean,train-auc-std,train-aucpr-mean,train-aucpr-std,test-auc-mean,test-auc-std,test-aucpr-mean,test-aucpr-std,train-irr_score-mean,train-irr_score-std,test-irr_score-mean,test-irr_score-std
0.8093673034066222,0.00983524084851777,0.7415831334995265,0.01008445316393527,0.8075845997060411,0.01081293975200575,0.7400229392124982,0.011020337024036165,0.7048204,0.006633339937015146,0.7000313200000001,0.007966345871075397
