train-auc-mean,train-auc-std,train-aucpr-mean,train-aucpr-std,test-auc-mean,test-auc-std,test-aucpr-mean,test-aucpr-std,train-irr_score-mean,train-irr_score-std,test-irr_score-mean,test-irr_score-std
0.8089803155747834,0.00966763145592912,0.7412016932496202,0.009918244307531566,0.8071977334021057,0.010659164932507636,0.7396376147411128,0.010867777926543974,0.7045188,0.006585481661959139,0.6997172400000001,0.00790701619717577
