train-auc-mean,train-auc-std,train-aucpr-mean,train-aucpr-std,test-auc-mean,test-auc-std,test-aucpr-mean,test-aucpr-std,train-irr_score-mean,train-irr_score-std,test-irr_score-mean,test-irr_score-std
0.8091233646154555,0.009402831038413273,0.741338628569418,0.009650515092465423,0.8072428212879423,0.010381351480398197,0.7396787239582778,0.010581362590776713,0.7047440399999999,0.0065841302932429955,0.69976704,0.007939745111677074
