train-auc-mean,train-auc-std,train-aucpr-mean,train-aucpr-std,test-auc-mean,test-auc-std,test-aucpr-mean,test-aucpr-std,train-irr_score-mean,train-irr_score-std,test-irr_score-mean,test-irr_score-std
0.8058336620057647,0.010744709828166303,0.7379657163364235,0.010945546856514806,0.8038382762206318,0.011225612325198439,0.7361912034537044,0.01137692010321071,0.70186176,0.008105417291071459,0.6965501199999999,0.009039364364024723
