train-auc-mean,train-auc-std,train-aucpr-mean,train-aucpr-std,test-auc-mean,test-auc-std,test-aucpr-mean,test-aucpr-std,train-irr_score-mean,train-irr_score-std,test-irr_score-mean,test-irr_score-std
0.8054301201078463,0.009346423536759579,0.7375488477322074,0.009502179547676327,0.8037246400444278,0.010580018994063032,0.7360750697453119,0.010687698991884457,0.70026316,0.006080484498327412,0.69567144,0.007862503449054889
