train-auc-mean,train-auc-std,train-aucpr-mean,train-aucpr-std,test-auc-mean,test-auc-std,test-aucpr-mean,test-aucpr-std,train-irr_score-mean,train-irr_score-std,test-irr_score-mean,test-irr_score-std
0.8088855107807467,0.009125781947851042,0.7412676466776003,0.00936445346292081,0.8069714673112388,0.01060583155796067,0.7395689313912267,0.010829518784233338,0.698275,0.006859620689221811,0.6935093999999999,0.008639497503906125
