train-auc-mean,train-auc-std,train-aucpr-mean,train-aucpr-std,test-auc-mean,test-auc-std,test-aucpr-mean,test-aucpr-std,train-irr_score-mean,train-irr_score-std,test-irr_score-mean,test-irr_score-std
0.8069572716714026,0.010836672296007871,0.7391326041036298,0.011060248389549526,0.8049263265240518,0.011506886322387697,0.7373247268345989,0.011696722105566474,0.7016823200000001,0.008227083438108561,0.69626016,0.00881446714296446
