train-auc-mean,train-auc-std,train-aucpr-mean,train-aucpr-std,test-auc-mean,test-auc-std,test-aucpr-mean,test-aucpr-std,train-irr_score-mean,train-irr_score-std,test-irr_score-mean,test-irr_score-std
0.805425328544464,0.009434302380898664,0.7375465350059796,0.009611204288075019,0.8036903358047636,0.010376929075855383,0.7360461328180743,0.01050047390795588,0.7001699199999999,0.006456986689904189,0.6952474,0.007918843349883868
