train-auc-mean,train-auc-std,train-aucpr-mean,train-aucpr-std,test-auc-mean,test-auc-std,test-aucpr-mean,test-aucpr-std,train-irr_score-mean,train-irr_score-std,test-irr_score-mean,test-irr_score-std
0.8071965888847581,0.0094006901852721,0.7392508417379083,0.009538773485811034,0.8050949556674332,0.010819180690425203,0.7373877215659149,0.010955801769298647,0.70396896,0.006856915974284648,0.69854788,0.008805067256165628
