train-auc-mean,train-auc-std,train-aucpr-mean,train-aucpr-std,test-auc-mean,test-auc-std,test-aucpr-mean,test-aucpr-std,train-irr_score-mean,train-irr_score-std,test-irr_score-mean,test-irr_score-std
0.8055603862926901,0.009489245267398402,0.7377045699929634,0.009642276608642116,0.8036369922367251,0.010390638266417944,0.7360000998779257,0.010533945884201822,0.6986909200000001,0.006645415393607837,0.69386496,0.008227687400381717
