train-auc-mean,train-auc-std,train-aucpr-mean,train-aucpr-std,test-auc-mean,test-auc-std,test-aucpr-mean,test-aucpr-std,train-irr_score-mean,train-irr_score-std,test-irr_score-mean,test-irr_score-std
0.8071075152377535,0.010805403627537508,0.739273227065317,0.011020127827167664,0.8051350684279532,0.011527517174832067,0.7375224772533321,0.01169101852820166,0.70146364,0.008604788717359658,0.69598372,0.009888666270109436
