train-auc-mean,train-auc-std,train-aucpr-mean,train-aucpr-std,test-auc-mean,test-auc-std,test-aucpr-mean,test-aucpr-std,train-irr_score-mean,train-irr_score-std,test-irr_score-mean,test-irr_score-std
0.8072210711015765,0.009843465168075887,0.7394501005365638,0.010046821096674804,0.8056372197546011,0.011381346148445964,0.7381046536842042,0.011528710667792954,0.70039228,0.006246980099344001,0.6959121600000002,0.008046062811984509
