train-auc-mean,train-auc-std,train-aucpr-mean,train-aucpr-std,test-auc-mean,test-auc-std,test-aucpr-mean,test-aucpr-std,train-irr_score-mean,train-irr_score-std,test-irr_score-mean,test-irr_score-std
0.8096472074111084,0.009253878400424544,0.7414849008458769,0.009521760864315866,0.8074310410236174,0.010411304014990517,0.7395745833203153,0.01059141992557881,0.7051691200000001,0.0072235961200499,0.69977184,0.008854417413607745
