train-auc-mean,train-auc-std,train-aucpr-mean,train-aucpr-std,test-auc-mean,test-auc-std,test-aucpr-mean,test-aucpr-std,train-irr_score-mean,train-irr_score-std,test-irr_score-mean,test-irr_score-std
0.8089294655036215,0.009237353311878983,0.7409532830723721,0.009506963147498503,0.806761614739999,0.010712077666514368,0.7390511115264734,0.010885592604318836,0.70003832,0.006169121355395766,0.69540364,0.007993705157835134
