train-auc-mean,train-auc-std,train-aucpr-mean,train-aucpr-std,test-auc-mean,test-auc-std,test-aucpr-mean,test-aucpr-std,train-irr_score-mean,train-irr_score-std,test-irr_score-mean,test-irr_score-std
0.751424652708585,0.010742320867083089,0.6860505034438366,0.009793695909828442,0.7500656217383139,0.011683468633160976,0.6849676981441373,0.01065550593574731,0.6545873600000001,0.00299259937686287,0.651614,0.0039650544914288455
