train-auc-mean,train-auc-std,train-aucpr-mean,train-aucpr-std,test-auc-mean,test-auc-std,test-aucpr-mean,test-aucpr-std,train-irr_score-mean,train-irr_score-std,test-irr_score-mean,test-irr_score-std
0.766724816012783,0.013883657479900656,0.7000244242657405,0.013117693378825769,0.7653064305633609,0.013879769319178392,0.698844543350093,0.013055979463387867,0.6596222,0.0063122093564773355,0.6561624,0.006076990268216662
