train-auc-mean,train-auc-std,train-aucpr-mean,train-aucpr-std,test-auc-mean,test-auc-std,test-aucpr-mean,test-aucpr-std,train-irr_score-mean,train-irr_score-std,test-irr_score-mean,test-irr_score-std
0.9526191985320477,0.000950284178607984,0.9623100592494939,0.0007022851915828408,0.9514672161840039,0.001796315904733756,0.9616241588108465,0.0014102557744417531,0.7019999200000001,0.007048275646823137,0.6967061999999999,0.008746493665463902
