train-auc-mean,train-auc-std,train-aucpr-mean,train-aucpr-std,test-auc-mean,test-auc-std,test-aucpr-mean,test-aucpr-std,train-irr_score-mean,train-irr_score-std,test-irr_score-mean,test-irr_score-std
0.8059897051438719,0.009598973707487945,0.7381386514008065,0.009784519328236102,0.8043359619798719,0.010682424961397334,0.7367156603318064,0.010813147284316349,0.7003930799999999,0.006105406868800796,0.6957954000000001,0.007690368079617518
