train-auc-mean,train-auc-std,train-aucpr-mean,train-aucpr-std,test-auc-mean,test-auc-std,test-aucpr-mean,test-aucpr-std,train-irr_score-mean,train-irr_score-std,test-irr_score-mean,test-irr_score-std
0.8050103170426768,0.009186409507947052,0.7370844621662046,0.009346542408319346,0.803310828254642,0.010319606834388833,0.7356225986125955,0.0104232494753973,0.69992212,0.0061193524776400965,0.6951080800000001,0.008024543779779623
