train-auc-mean,train-auc-std,train-aucpr-mean,train-aucpr-std,test-auc-mean,test-auc-std,test-aucpr-mean,test-aucpr-std,train-irr_score-mean,train-irr_score-std,test-irr_score-mean,test-irr_score-std
0.8109060400614154,0.009676562267471583,0.7428423360330079,0.00997707457024866,0.8087930409969083,0.011072635292427904,0.7410462407627938,0.011289090770453588,0.705877,0.006609795591393128,0.70044708,0.008123082695233385
