train-auc-mean,train-auc-std,train-aucpr-mean,train-aucpr-std,test-auc-mean,test-auc-std,test-aucpr-mean,test-aucpr-std,train-irr_score-mean,train-irr_score-std,test-irr_score-mean,test-irr_score-std
0.758283605680599,0.0031690173798741015,0.6921163830792048,0.0028787750924102093,0.7571679903338611,0.00484858444471911,0.6912279859913236,0.0043704297335056385,0.65436876,0.005787055764583579,0.6510328400000001,0.006174295377968247
