train-auc-mean,train-auc-std,train-aucpr-mean,train-aucpr-std,test-auc-mean,test-auc-std,test-aucpr-mean,test-aucpr-std,train-irr_score-mean,train-irr_score-std,test-irr_score-mean,test-irr_score-std
0.811693916132159,0.009650225801630332,0.7436652303677154,0.009933805371786248,0.8096412528795094,0.011080091681406605,0.7419259559568164,0.011267115708586453,0.7062605200000001,0.00681828280504702,0.70101692,0.008344233634888239
