train-auc-mean,train-auc-std,train-aucpr-mean,train-aucpr-std,test-auc-mean,test-auc-std,test-aucpr-mean,test-aucpr-std,train-irr_score-mean,train-irr_score-std,test-irr_score-mean,test-irr_score-std
0.8114484469066187,0.009755995923357767,0.7433992988950426,0.010048263231524477,0.8093327434753719,0.011008742397931098,0.7415978866630808,0.011204152712237436,0.70624032,0.006883776630426057,0.70090748,0.008104601074056646
