train-auc-mean,train-auc-std,train-aucpr-mean,train-aucpr-std,test-auc-mean,test-auc-std,test-aucpr-mean,test-aucpr-std,train-irr_score-mean,train-irr_score-std,test-irr_score-mean,test-irr_score-std
0.8116491216371451,0.009543830211126366,0.7436044005646697,0.009807390623503803,0.8095472284057595,0.010998630441145562,0.7418115428088673,0.011174182344993724,0.7063525600000001,0.006838991645440131,0.70110204,0.008336264422293727
