train-auc-mean,train-auc-std,train-aucpr-mean,train-aucpr-std,test-auc-mean,test-auc-std,test-aucpr-mean,test-aucpr-std,train-irr_score-mean,train-irr_score-std,test-irr_score-mean,test-irr_score-std
0.8117609637478848,0.009710747230971359,0.7437450922164649,0.00999239063925905,0.8097374499835516,0.011168898290031589,0.7420262014241271,0.011357767710752706,0.7062956000000001,0.006763197722970979,0.7011499600000001,0.008287595639170635
