train-auc-mean,train-auc-std,train-aucpr-mean,train-aucpr-std,test-auc-mean,test-auc-std,test-aucpr-mean,test-aucpr-std,train-irr_score-mean,train-irr_score-std,test-irr_score-mean,test-irr_score-std
0.8115064418901977,0.009770372346604257,0.7434957327794579,0.010072804148277988,0.8094716062506495,0.011032441885136668,0.7417530638698767,0.011221975774295791,0.7061385200000001,0.006719783663898705,0.7008381200000001,0.007995954763854035
