train-auc-mean,train-auc-std,train-aucpr-mean,train-aucpr-std,test-auc-mean,test-auc-std,test-aucpr-mean,test-aucpr-std,train-irr_score-mean,train-irr_score-std,test-irr_score-mean,test-irr_score-std
0.811659070576606,0.009564441744813254,0.7436515297161047,0.009833255799433975,0.8096636886083509,0.01101278624888266,0.741950121520573,0.011187454195151507,0.7062845600000002,0.006713886261056248,0.70105732,0.00822349538685346
