train-auc-mean,train-auc-std,train-aucpr-mean,train-aucpr-std,test-auc-mean,test-auc-std,test-aucpr-mean,test-aucpr-std,train-irr_score-mean,train-irr_score-std,test-irr_score-mean,test-irr_score-std
0.8117299847292005,0.00957957371447259,0.7437066502685596,0.009842776871091391,0.8097043308880548,0.011023824372475753,0.7419797504816913,0.011197478340409028,0.7063043600000001,0.006750041859899825,0.7010737200000001,0.008241942593927725
