train-auc-mean,train-auc-std,train-aucpr-mean,train-aucpr-std,test-auc-mean,test-auc-std,test-aucpr-mean,test-aucpr-std,train-irr_score-mean,train-irr_score-std,test-irr_score-mean,test-irr_score-std
0.811510346314899,0.00977340572035869,0.7435000444709532,0.010075941242630452,0.8094744622946781,0.011033093572109444,0.7417563768650663,0.01122293731673666,0.7061432000000001,0.006724041558467639,0.7008419600000001,0.007994527815850042
