train-auc-mean,train-auc-std,train-aucpr-mean,train-aucpr-std,test-auc-mean,test-auc-std,test-aucpr-mean,test-aucpr-std,train-irr_score-mean,train-irr_score-std,test-irr_score-mean,test-irr_score-std
0.8116772362396858,0.009550863450411963,0.7436704830317418,0.009820134660694833,0.8096792586413933,0.011016076286383505,0.7419661844943652,0.011192629083907377,0.70631616,0.00670481809853182,0.70106476,0.008241020234315657
