train-auc-mean,train-auc-std,train-aucpr-mean,train-aucpr-std,test-auc-mean,test-auc-std,test-aucpr-mean,test-aucpr-std,train-irr_score-mean,train-irr_score-std,test-irr_score-mean,test-irr_score-std
0.7760246962631944,0.014461568443106053,0.7087719778658742,0.013671356825529406,0.7749424280396994,0.013718575495097793,0.7078908399444542,0.012923342885870387,0.6626878,0.007674910204034958,0.65846636,0.006804114072412363
