train-auc-mean,train-auc-std,train-aucpr-mean,train-aucpr-std,test-auc-mean,test-auc-std,test-aucpr-mean,test-aucpr-std,train-irr_score-mean,train-irr_score-std,test-irr_score-mean,test-irr_score-std
0.8116890102589984,0.009557514745329157,0.7436820150924832,0.009828853301721367,0.8096799785208908,0.01102025102961239,0.7419685779805775,0.011195743072017518,0.7063260000000001,0.006711300178057889,0.7010686800000001,0.008242461519327834
