train-auc-mean,train-auc-std,train-aucpr-mean,train-aucpr-std,test-auc-mean,test-auc-std,test-aucpr-mean,test-aucpr-std,train-irr_score-mean,train-irr_score-std,test-irr_score-mean,test-irr_score-std
0.8116346423970217,0.009545964441667668,0.7436459284412971,0.0098189058522024,0.8096352114374149,0.011007739614254023,0.7419378165665544,0.011197708085890401,0.7063052000000001,0.006722285593457029,0.7010677200000001,0.008241823291092822
