train-auc-mean,train-auc-std,train-aucpr-mean,train-aucpr-std,test-auc-mean,test-auc-std,test-aucpr-mean,test-aucpr-std,train-irr_score-mean,train-irr_score-std,test-irr_score-mean,test-irr_score-std
0.8121900351591842,0.00964813648644451,0.7442196131402754,0.009962713705986939,0.8101817197754342,0.011144066932368746,0.7425057578400233,0.011342476771452212,0.7065058000000001,0.00694569493139455,0.70106824,0.008664732338762691
