train-auc-mean,train-auc-std,train-aucpr-mean,train-aucpr-std,test-auc-mean,test-auc-std,test-aucpr-mean,test-aucpr-std,train-irr_score-mean,train-irr_score-std,test-irr_score-mean,test-irr_score-std
0.8096412904323469,0.010207020113676153,0.741541759031522,0.010504959150104104,0.8074949918198704,0.011397982926731722,0.739713532354996,0.01159690330324157,0.70433984,0.007418787656645787,0.69882456,0.008435319565161714
