train-auc-mean,train-auc-std,train-aucpr-mean,train-aucpr-std,test-auc-mean,test-auc-std,test-aucpr-mean,test-aucpr-std,train-irr_score-mean,train-irr_score-std,test-irr_score-mean,test-irr_score-std
0.8120639397858435,0.009701769568288984,0.7440871432971282,0.009985661404292632,0.8101134660610818,0.011453994465171495,0.7424483468515737,0.011677738568827613,0.7063275600000002,0.006712004738258151,0.70106476,0.008241020234315657
