train-auc-mean,train-auc-std,train-aucpr-mean,train-aucpr-std,test-auc-mean,test-auc-std,test-aucpr-mean,test-aucpr-std,train-irr_score-mean,train-irr_score-std,test-irr_score-mean,test-irr_score-std
0.7628555416519227,0.006256115190885731,0.6963769499675699,0.005711010021457382,0.7610188861614573,0.007157684881265663,0.6948292559148233,0.006556206073178175,0.65615288,0.003855409138548066,0.65223252,0.005629654768242895
