train-auc-mean,train-auc-std,train-aucpr-mean,train-aucpr-std,test-auc-mean,test-auc-std,test-aucpr-mean,test-aucpr-std,train-irr_score-mean,train-irr_score-std,test-irr_score-mean,test-irr_score-std
0.7781497841401369,0.013627327684294477,0.7106785015493254,0.01297960037575559,0.777217296086807,0.013797737468522697,0.7099264038469686,0.013055760197009852,0.6717312400000001,0.007359037971256839,0.6680587199999999,0.007693290019335035
