train-auc-mean,train-auc-std,train-aucpr-mean,train-aucpr-std,test-auc-mean,test-auc-std,test-aucpr-mean,test-aucpr-std,train-irr_score-mean,train-irr_score-std,test-irr_score-mean,test-irr_score-std
0.6669189102833926,0.0030872547354856925,0.6191050239742626,0.002226283056007586,0.6664512107739314,0.004818937415760055,0.6188182730655063,0.0034720108901764913,0.5998318399999999,0.003343037513160741,0.5983567999999999,0.004064309515772643
