train-auc-mean,train-auc-std,train-aucpr-mean,train-aucpr-std,test-auc-mean,test-auc-std,test-aucpr-mean,test-aucpr-std,train-irr_score-mean,train-irr_score-std,test-irr_score-mean,test-irr_score-std
0.803767460614732,0.014102127853696026,0.7363533887094396,0.014388513189834211,0.8022791232879386,0.015493122535333777,0.7350943478818028,0.015674672647234475,0.6767536400000002,0.00907119953646705,0.6721356,0.011134882681016445
