train-auc-mean,train-auc-std,train-aucpr-mean,train-aucpr-std,test-auc-mean,test-auc-std,test-aucpr-mean,test-aucpr-std,train-irr_score-mean,train-irr_score-std,test-irr_score-mean,test-irr_score-std
0.8575556069786063,0.00771427069810979,0.798042545594823,0.009534799851497416,0.8561867992933574,0.00944737515690989,0.7968645867342882,0.011474627957081922,0.6846468,0.008433068936039836,0.67991952,0.008962738283002583
