train-auc-mean,train-auc-std,train-aucpr-mean,train-aucpr-std,test-auc-mean,test-auc-std,test-aucpr-mean,test-aucpr-std,train-irr_score-mean,train-irr_score-std,test-irr_score-mean,test-irr_score-std
0.8177707325998453,0.008757405188438604,0.750965877046586,0.009693610172462171,0.8161530242418533,0.00919608830192591,0.7495237800491552,0.010110968096989824,0.6846301200000002,0.008526896628058767,0.6798772000000001,0.008988021179325305
