train-auc-mean,train-auc-std,train-aucpr-mean,train-aucpr-std,test-auc-mean,test-auc-std,test-aucpr-mean,test-aucpr-std,train-irr_score-mean,train-irr_score-std,test-irr_score-mean,test-irr_score-std
0.8512096358308469,0.007716117208040788,0.789841303474097,0.009476371888004483,0.8493330926176113,0.00861054907044505,0.7880403975157161,0.010332472314275996,0.68569452,0.008519331749004736,0.6811760799999999,0.009783137610889458
