train-auc-mean,train-auc-std,train-aucpr-mean,train-aucpr-std,test-auc-mean,test-auc-std,test-aucpr-mean,test-aucpr-std,train-irr_score-mean,train-irr_score-std,test-irr_score-mean,test-irr_score-std
0.8073859190747885,0.011161488377737413,0.7406441515784534,0.011705640515709707,0.8059274882113117,0.012508988650852622,0.7394555823892347,0.013083979519410973,0.6569138800000001,0.0046836512109250895,0.65281852,0.005716883130657826
