train-auc-mean,train-auc-std,train-aucpr-mean,train-aucpr-std,test-auc-mean,test-auc-std,test-aucpr-mean,test-aucpr-std,train-irr_score-mean,train-irr_score-std,test-irr_score-mean,test-irr_score-std
0.8538930379867294,0.008489334148855193,0.793307313414755,0.010495374929935528,0.8524031278061954,0.009681146315938851,0.7919881362166147,0.011755486436229916,0.6831772799999999,0.008324913878329317,0.67820832,0.009956696342542534
