train-auc-mean,train-auc-std,train-aucpr-mean,train-aucpr-std,test-auc-mean,test-auc-std,test-aucpr-mean,test-aucpr-std,train-irr_score-mean,train-irr_score-std,test-irr_score-mean,test-irr_score-std
0.6358924192115106,0.00480448833066573,0.5977727983742329,0.003252399612186643,0.6355754268237525,0.005120656402765285,0.5975683192308509,0.003432780600643779,0.56740516,0.001057680468950799,0.56683076,0.0032747263980980206
