train-auc-mean,train-auc-std,train-aucpr-mean,train-aucpr-std,test-auc-mean,test-auc-std,test-aucpr-mean,test-aucpr-std,train-irr_score-mean,train-irr_score-std,test-irr_score-mean,test-irr_score-std
0.8431871002953075,0.00844698211775186,0.7801099498962448,0.010167265161908913,0.8416553382559715,0.010031903477896262,0.7787549270290038,0.011951435890748678,0.6861292,0.009664004557118135,0.6815576400000001,0.010021788478629955
