train-auc-mean,train-auc-std,train-aucpr-mean,train-aucpr-std,test-auc-mean,test-auc-std,test-aucpr-mean,test-aucpr-std,train-irr_score-mean,train-irr_score-std,test-irr_score-mean,test-irr_score-std
0.9468278396656467,0.0016978023308445932,0.9563632340216788,0.0025174786641541454,0.9458801662403188,0.002681557770839723,0.9557954006049201,0.002970074662098147,0.6931564,0.008774159383097618,0.68874144,0.008820270839741818
