train-auc-mean,train-auc-std,train-aucpr-mean,train-aucpr-std,test-auc-mean,test-auc-std,test-aucpr-mean,test-aucpr-std,train-irr_score-mean,train-irr_score-std,test-irr_score-mean,test-irr_score-std
0.8602653581782844,0.007226664816163014,0.801530314147863,0.009256842469802707,0.8590812174915938,0.007357965046619016,0.8004925191079846,0.009403272520970883,0.6828769199999999,0.008395786924023261,0.6782060399999998,0.009775429486135129
