train-auc-mean,train-auc-std,train-aucpr-mean,train-aucpr-std,test-auc-mean,test-auc-std,test-aucpr-mean,test-aucpr-std,train-irr_score-mean,train-irr_score-std,test-irr_score-mean,test-irr_score-std
0.9473257339189695,0.0019349571344509178,0.9578781204428494,0.0017242604947440092,0.9462297505746171,0.002769558034622829,0.9572240221019325,0.0023472556224176087,0.68622516,0.007608480498391255,0.6813695599999999,0.008543476065770883
