train-auc-mean,train-auc-std,train-aucpr-mean,train-aucpr-std,test-auc-mean,test-auc-std,test-aucpr-mean,test-aucpr-std,train-irr_score-mean,train-irr_score-std,test-irr_score-mean,test-irr_score-std
0.6479537978630846,0.0007331809837148904,0.606072114315004,0.0005018837048898092,0.6479540537419674,0.0029322521674987495,0.6060784535752365,0.002004493988183517,0.56398492,0.0011911167841987633,0.56400052,0.004743155204038755
