train-auc-mean,train-auc-std,train-aucpr-mean,train-aucpr-std,test-auc-mean,test-auc-std,test-aucpr-mean,test-aucpr-std,train-irr_score-mean,train-irr_score-std,test-irr_score-mean,test-irr_score-std
0.504496507193615,0.0009595273800483665,0.5216954280881876,0.0004844464616541326,0.5042818861017959,0.0012927607575417208,0.5215878384222115,0.0006534093846213689,0.5006296400000001,0.013095161264772571,0.49277708,0.022709374538141733
