train-auc-mean,train-auc-std,train-aucpr-mean,train-aucpr-std,test-auc-mean,test-auc-std,test-aucpr-mean,test-aucpr-std,train-irr_score-mean,train-irr_score-std,test-irr_score-mean,test-irr_score-std
0.6995634074333091,0.008257306659497164,0.643359903568647,0.006482996923605354,0.6986113832645964,0.008333360663635313,0.6426756123391137,0.0065083197997310716,0.61388184,0.002539673076283636,0.61182464,0.004183878228438295
