train-auc-mean,train-auc-std,train-aucpr-mean,train-aucpr-std,test-auc-mean,test-auc-std,test-aucpr-mean,test-aucpr-std,train-irr_score-mean,train-irr_score-std,test-irr_score-mean,test-irr_score-std
0.9496048526891614,0.0015155697925165424,0.9600883820346201,0.0012946668055113797,0.948466575541382,0.002628620804362724,0.9594423702536254,0.0021860384686646947,0.68928036,0.0067459541527051525,0.6843244399999999,0.008375722775163944
