train-auc-mean,train-auc-std,train-aucpr-mean,train-aucpr-std,test-auc-mean,test-auc-std,test-aucpr-mean,test-aucpr-std,train-irr_score-mean,train-irr_score-std,test-irr_score-mean,test-irr_score-std
0.9495747413458703,0.0015099055955130637,0.960117793517584,0.0013252261076293725,0.9484949652629286,0.0026050339529529176,0.9595312392420218,0.002159393066958672,0.6878445599999999,0.006623514777397255,0.6825775599999999,0.008522309081839258
