train-auc-mean,train-auc-std,train-aucpr-mean,train-aucpr-std,test-auc-mean,test-auc-std,test-aucpr-mean,test-aucpr-std,train-irr_score-mean,train-irr_score-std,test-irr_score-mean,test-irr_score-std
0.9513273467280157,0.0006569614433528512,0.9621011056490532,0.0005844242844116944,0.9502567728782633,0.0018085058757669075,0.9614987576264288,0.001471109760537372,0.67782612,0.005629455400445056,0.6739748,0.006807575962117503
