train-auc-mean,train-auc-std,train-aucpr-mean,train-aucpr-std,test-auc-mean,test-auc-std,test-aucpr-mean,test-aucpr-std,train-irr_score-mean,train-irr_score-std,test-irr_score-mean,test-irr_score-std
0.8737877495534921,0.007467789052190575,0.8198745891524917,0.011431594795864173,0.872381531375666,0.006581978193453357,0.8187867705355337,0.009595846604459312,0.6872737600000001,0.006746859348052242,0.68171256,0.00853756518958421
