train-auc-mean,train-auc-std,train-aucpr-mean,train-aucpr-std,test-auc-mean,test-auc-std,test-aucpr-mean,test-aucpr-std,train-irr_score-mean,train-irr_score-std,test-irr_score-mean,test-irr_score-std
0.9497531548558846,0.0016789793230054574,0.9600823687459972,0.0014557729442804517,0.9486827005791981,0.002682632679138988,0.9594532079453821,0.0022134803326094342,0.68978024,0.008821901732755811,0.68497284,0.009913640008311785
