train-auc-mean,train-auc-std,train-aucpr-mean,train-aucpr-std,test-auc-mean,test-auc-std,test-aucpr-mean,test-aucpr-std,train-irr_score-mean,train-irr_score-std,test-irr_score-mean,test-irr_score-std
0.9502915663047478,0.0007003148680700353,0.9614318358483047,0.0006131493264408327,0.9492663353845283,0.00185819894893488,0.9608926142274093,0.0015013996462831859,0.66990032,0.004119261144622917,0.6662670799999999,0.004411983254002667
