train-auc-mean,train-auc-std,train-aucpr-mean,train-aucpr-std,test-auc-mean,test-auc-std,test-aucpr-mean,test-aucpr-std,train-irr_score-mean,train-irr_score-std,test-irr_score-mean,test-irr_score-std
0.9524236793663534,0.0009576822002241339,0.9625244805738497,0.000755552522003871,0.9511881065956592,0.0022039961169021886,0.9618443771418386,0.0017220283971651534,0.6919446799999999,0.0071994628506299,0.6863637200000001,0.00835277480850525
