train-auc-mean,train-auc-std,train-aucpr-mean,train-aucpr-std,test-auc-mean,test-auc-std,test-aucpr-mean,test-aucpr-std,train-irr_score-mean,train-irr_score-std,test-irr_score-mean,test-irr_score-std
0.9516851009070837,0.002523644686705789,0.960078756697298,0.005533529112566684,0.9505467310123996,0.003296767943558137,0.9594307983365234,0.006108832634401026,0.6917637999999998,0.005232458580820302,0.68632284,0.006364043241085021
