train-auc-mean,train-auc-std,train-aucpr-mean,train-aucpr-std,test-auc-mean,test-auc-std,test-aucpr-mean,test-aucpr-std,train-irr_score-mean,train-irr_score-std,test-irr_score-mean,test-irr_score-std
0.9408874115495754,0.002579967925757371,0.9347801454563606,0.005220325301351949,0.9397423221521026,0.002822763956667336,0.9340852670804525,0.005147534145756344,0.6905570400000001,0.005490149444086199,0.68526628,0.0070785142594756425
