train-auc-mean,train-auc-std,train-aucpr-mean,train-aucpr-std,test-auc-mean,test-auc-std,test-aucpr-mean,test-aucpr-std,train-irr_score-mean,train-irr_score-std,test-irr_score-mean,test-irr_score-std
0.9532030305611353,0.0008805496732905239,0.9632726131055148,0.0006466134432012774,0.9519922952176622,0.0018298306888706378,0.9625922116283833,0.0013666892771704996,0.6902037999999999,0.007265965857337888,0.6846844799999999,0.008921246671267409
