train-auc-mean,train-auc-std,train-aucpr-mean,train-aucpr-std,test-auc-mean,test-auc-std,test-aucpr-mean,test-aucpr-std,train-irr_score-mean,train-irr_score-std,test-irr_score-mean,test-irr_score-std
0.9526904094937443,0.0005639117083593022,0.9629970634608486,0.0004757842134717989,0.9515443592760946,0.0016316482240572956,0.9623664139525061,0.0012913084935798741,0.68412392,0.006829432093051364,0.6791361200000001,0.0073895914329278
