train-auc-mean,train-auc-std,train-aucpr-mean,train-aucpr-std,test-auc-mean,test-auc-std,test-aucpr-mean,test-aucpr-std,train-irr_score-mean,train-irr_score-std,test-irr_score-mean,test-irr_score-std
0.9530493501806313,0.0009104059385265704,0.9630931923493289,0.0006482202922212535,0.9519383621324454,0.0019547465565914125,0.9624868383519117,0.001457960708101804,0.6909290399999999,0.007027841782396645,0.68572048,0.008848176088302042
