train-auc-mean,train-auc-std,train-aucpr-mean,train-aucpr-std,test-auc-mean,test-auc-std,test-aucpr-mean,test-aucpr-std,train-irr_score-mean,train-irr_score-std,test-irr_score-mean,test-irr_score-std
0.9410227510137317,0.002608288199080575,0.9347980378824511,0.005232285677610443,0.9397868757061212,0.003077719235270954,0.9340588807266096,0.005301338770608861,0.6905599600000001,0.007341175870281282,0.6851648,0.009127904946919644
