train-auc-mean,train-auc-std,train-aucpr-mean,train-aucpr-std,test-auc-mean,test-auc-std,test-aucpr-mean,test-aucpr-std,train-irr_score-mean,train-irr_score-std,test-irr_score-mean,test-irr_score-std
0.9530429989022273,0.0009458773178677305,0.9631005223087307,0.0006747756151998872,0.9518615803396691,0.0019539826468309776,0.9624388064268661,0.0014574956808326859,0.6916601600000001,0.007327719719967462,0.686489,0.008815221499202403
