train-auc-mean,train-auc-std,train-aucpr-mean,train-aucpr-std,test-auc-mean,test-auc-std,test-aucpr-mean,test-aucpr-std,train-irr_score-mean,train-irr_score-std,test-irr_score-mean,test-irr_score-std
0.9525901711122009,0.0006039112689990437,0.9629211530839469,0.00048439488506864145,0.9514845828967503,0.0016578713949984287,0.962317108410738,0.001303269008142627,0.6887353199999999,0.004088395222773845,0.68364512,0.006055985873959747
