train-auc-mean,train-auc-std,train-aucpr-mean,train-aucpr-std,test-auc-mean,test-auc-std,test-aucpr-mean,test-aucpr-std,train-irr_score-mean,train-irr_score-std,test-irr_score-mean,test-irr_score-std
0.8529999673482602,0.008872723324265908,0.7913200197822826,0.010867575554629095,0.8517535696711398,0.01004947510211321,0.7904074215500878,0.012278953983342904,0.6945411200000001,0.00886439537620023,0.6898639600000002,0.010406980851255548
