train-auc-mean,train-auc-std,train-aucpr-mean,train-aucpr-std,test-auc-mean,test-auc-std,test-aucpr-mean,test-aucpr-std,train-irr_score-mean,train-irr_score-std,test-irr_score-mean,test-irr_score-std
0.8693321474060531,0.0026706126420420395,0.8131336270405706,0.0037137463608887316,0.8678941522189387,0.004932586239044969,0.8120510075700874,0.006432433428218016,0.68904752,0.0040686354579391884,0.68357468,0.0061209573742675135
