train-auc-mean,train-auc-std,train-aucpr-mean,train-aucpr-std,test-auc-mean,test-auc-std,test-aucpr-mean,test-aucpr-std,train-irr_score-mean,train-irr_score-std,test-irr_score-mean,test-irr_score-std
0.7716689785249676,0.01053377398881444,0.7051720544514652,0.009893444700144374,0.7702355247983188,0.01046118374934046,0.7040152114849175,0.009775232906770692,0.63312432,0.007179954906376514,0.6284958,0.006412003493448819
