train-auc-mean,train-auc-std,train-aucpr-mean,train-aucpr-std,test-auc-mean,test-auc-std,test-aucpr-mean,test-aucpr-std,train-irr_score-mean,train-irr_score-std,test-irr_score-mean,test-irr_score-std
0.9542566320790337,0.0009675558171239085,0.963822437479218,0.0007183518586908392,0.9531569092429362,0.001896076529577967,0.9632022910976736,0.0014212048305316193,0.69569524,0.007127138827215297,0.69097172,0.008928081175795832
