train-auc-mean,train-auc-std,train-aucpr-mean,train-aucpr-std,test-auc-mean,test-auc-std,test-aucpr-mean,test-aucpr-std,train-irr_score-mean,train-irr_score-std,test-irr_score-mean,test-irr_score-std
0.9524986272177568,0.0008856834346638909,0.9625585468666452,0.0006691281687371209,0.9512515326039722,0.001831904110564727,0.9618652028752344,0.0013605119336987258,0.6890287599999999,0.00749415271944734,0.6835860799999999,0.008430309517069941
