train-auc-mean,train-auc-std,train-aucpr-mean,train-aucpr-std,test-auc-mean,test-auc-std,test-aucpr-mean,test-aucpr-std,train-irr_score-mean,train-irr_score-std,test-irr_score-mean,test-irr_score-std
0.8744619674287785,0.007847294424968966,0.8201586820303015,0.011881169308482152,0.8732356603161877,0.009340810256417854,0.8193496619610677,0.01368629813420643,0.6852132000000001,0.008789346219145094,0.6798723600000001,0.008590967842472695
