train-auc-mean,train-auc-std,train-aucpr-mean,train-aucpr-std,test-auc-mean,test-auc-std,test-aucpr-mean,test-aucpr-std,train-irr_score-mean,train-irr_score-std,test-irr_score-mean,test-irr_score-std
0.9538518427826398,0.0010265948718486836,0.9634455372655235,0.0007525255864585733,0.9527003549176126,0.0020723447101886794,0.9627873444556019,0.0015640560594567588,0.6980203199999999,0.008307374014548756,0.69312576,0.01022786256567814
