train-auc-mean,train-auc-std,train-aucpr-mean,train-aucpr-std,test-auc-mean,test-auc-std,test-aucpr-mean,test-aucpr-std,train-irr_score-mean,train-irr_score-std,test-irr_score-mean,test-irr_score-std
0.8472557914583007,0.008283048893346948,0.7840802739085255,0.010060649352315047,0.8453257580247783,0.010569336217481578,0.7824162798665156,0.012818886858029238,0.6983801600000001,0.008516376260734362,0.6928715599999999,0.008797640584065713
