train-auc-mean,train-auc-std,train-aucpr-mean,train-aucpr-std,test-auc-mean,test-auc-std,test-aucpr-mean,test-aucpr-std,train-irr_score-mean,train-irr_score-std,test-irr_score-mean,test-irr_score-std
0.8202656078378435,0.005123772805260101,0.7529784549455444,0.005628944526870142,0.8182463144499672,0.0062356095897629455,0.7512184250656208,0.006854380569874568,0.6975252000000001,0.008357834279285506,0.69180092,0.009031285994452841
