train-auc-mean,train-auc-std,train-aucpr-mean,train-aucpr-std,test-auc-mean,test-auc-std,test-aucpr-mean,test-aucpr-std,train-irr_score-mean,train-irr_score-std,test-irr_score-mean,test-irr_score-std
0.8473372000862853,0.00809398612706153,0.7843130848857216,0.00974350317431985,0.8456953246411544,0.00981813947068924,0.7829170128833551,0.011749381166231195,0.6957541200000001,0.009234895955320774,0.69108072,0.010617725238562168
