train-auc-mean,train-auc-std,train-aucpr-mean,train-aucpr-std,test-auc-mean,test-auc-std,test-aucpr-mean,test-aucpr-std,train-irr_score-mean,train-irr_score-std,test-irr_score-mean,test-irr_score-std
0.8208846565381104,0.005196575230065378,0.753774665261456,0.005730626993578979,0.8189143386453708,0.006495204981143795,0.7520351680678775,0.0071725101301184785,0.6986209200000001,0.008103254994975783,0.6929850800000001,0.008962108992508395
