train-auc-mean,train-auc-std,train-aucpr-mean,train-aucpr-std,test-auc-mean,test-auc-std,test-aucpr-mean,test-aucpr-std,train-irr_score-mean,train-irr_score-std,test-irr_score-mean,test-irr_score-std
0.82341922083763,0.006230036390804727,0.756591075540692,0.006989885694136049,0.8216943230884823,0.007237742679394488,0.7551091424399768,0.008163625533158744,0.69827944,0.007630161387965518,0.6929002400000001,0.008284901183623128
