train-auc-mean,train-auc-std,train-aucpr-mean,train-aucpr-std,test-auc-mean,test-auc-std,test-aucpr-mean,test-aucpr-std,train-irr_score-mean,train-irr_score-std,test-irr_score-mean,test-irr_score-std
0.8214924149445693,0.006313646374205641,0.7544724745077837,0.0069907961648334235,0.819674070232136,0.007396505310129018,0.7528948156366023,0.008199563370583866,0.6985552800000001,0.007594688773188789,0.6931296800000001,0.008209461681352812
