train-auc-mean,train-auc-std,train-aucpr-mean,train-aucpr-std,test-auc-mean,test-auc-std,test-aucpr-mean,test-aucpr-std,train-irr_score-mean,train-irr_score-std,test-irr_score-mean,test-irr_score-std
0.8128102291198529,0.010179020158880522,0.7450763579693032,0.010729957677712893,0.8108488777412998,0.011372413055244248,0.7433895496191362,0.01197319608040366,0.7022085200000001,0.007509611633739789,0.69662744,0.00810009618747828
