train-auc-mean,train-auc-std,train-aucpr-mean,train-aucpr-std,test-auc-mean,test-auc-std,test-aucpr-mean,test-aucpr-std,train-irr_score-mean,train-irr_score-std,test-irr_score-mean,test-irr_score-std
0.8123109070964324,0.011369682360703388,0.7445924496731525,0.011882786727546083,0.8104126226368321,0.012933402712418027,0.7429938116813071,0.013458444866470746,0.7015686000000001,0.008186477230164389,0.6960305600000001,0.008975849513355274
