train-auc-mean,train-auc-std,train-aucpr-mean,train-aucpr-std,test-auc-mean,test-auc-std,test-aucpr-mean,test-aucpr-std,train-irr_score-mean,train-irr_score-std,test-irr_score-mean,test-irr_score-std
0.8134094694822471,0.009921135542338342,0.7457079324894377,0.010462999691701952,0.8114851650011612,0.01092008171381974,0.7440523335756021,0.011517654104329346,0.70243944,0.007721987159170878,0.69691552,0.007807865475890325
