train-auc-mean,train-auc-std,train-aucpr-mean,train-aucpr-std,test-auc-mean,test-auc-std,test-aucpr-mean,test-aucpr-std,train-irr_score-mean,train-irr_score-std,test-irr_score-mean,test-irr_score-std
0.81047486004223,0.011333272369432785,0.7427288658518479,0.01164497513190555,0.8084534531269911,0.012377973395451764,0.7409421878985224,0.012633058925286739,0.6996921200000001,0.00849638746442275,0.6946181199999999,0.009819650569424562
