train-auc-mean,train-auc-std,train-aucpr-mean,train-aucpr-std,test-auc-mean,test-auc-std,test-aucpr-mean,test-aucpr-std,train-irr_score-mean,train-irr_score-std,test-irr_score-mean,test-irr_score-std
0.8114804620272426,0.01213676531902443,0.7438493850670749,0.012608710325528613,0.8095381545292305,0.013616352306605888,0.742159049479799,0.014125545695619992,0.6990413600000001,0.008370950239393386,0.69408884,0.00948160415406592
