train-auc-mean,train-auc-std,train-aucpr-mean,train-aucpr-std,test-auc-mean,test-auc-std,test-aucpr-mean,test-aucpr-std,train-irr_score-mean,train-irr_score-std,test-irr_score-mean,test-irr_score-std
0.8134634827946631,0.01170532458805559,0.7459692041298648,0.012278263789657316,0.8119950339296497,0.012171870788767879,0.7447175937937129,0.012779928950861654,0.69832004,0.00870829594113568,0.69397972,0.009223859246627742
