train-auc-mean,train-auc-std,train-aucpr-mean,train-aucpr-std,test-auc-mean,test-auc-std,test-aucpr-mean,test-aucpr-std,train-irr_score-mean,train-irr_score-std,test-irr_score-mean,test-irr_score-std
0.8113453146908927,0.010117049086995686,0.7436760475631665,0.010467412993016179,0.8095009921662072,0.010457898682062762,0.7420274573020507,0.010808601507861478,0.6968754000000001,0.008969910367445154,0.6923447600000001,0.009368001273612214
