train-auc-mean,train-auc-std,train-aucpr-mean,train-aucpr-std,test-auc-mean,test-auc-std,test-aucpr-mean,test-aucpr-std,train-irr_score-mean,train-irr_score-std,test-irr_score-mean,test-irr_score-std
0.7421670066475844,0.01000714661260878,0.677912697206536,0.008631460116392983,0.7402952582912561,0.009887203196988055,0.6764005464870528,0.008479746691997374,0.6524631200000001,0.0065761120569528,0.648336,0.006642109797346032
