train-auc-mean,train-auc-std,train-aucpr-mean,train-aucpr-std,test-auc-mean,test-auc-std,test-aucpr-mean,test-aucpr-std,train-irr_score-mean,train-irr_score-std,test-irr_score-mean,test-irr_score-std
0.7319479079864987,0.006427803732512279,0.6695558740163922,0.005447377339745424,0.7309443160599591,0.007915808240743769,0.6688581646714762,0.006770279852738996,0.61440304,0.005282437032128258,0.61110632,0.005757815958990005
