train-auc-mean,train-auc-std,train-aucpr-mean,train-aucpr-std,test-auc-mean,test-auc-std,test-aucpr-mean,test-aucpr-std,train-irr_score-mean,train-irr_score-std,test-irr_score-mean,test-irr_score-std
0.8078778095676996,0.010582997213645843,0.7399993913135777,0.010761704059829593,0.8062491207690823,0.011088651381970897,0.7385927295455232,0.011211771264546155,0.69903544,0.00802350864936283,0.6943344,0.008645095756554694
