train-auc-mean,train-auc-std,train-aucpr-mean,train-aucpr-std,test-auc-mean,test-auc-std,test-aucpr-mean,test-aucpr-std,train-irr_score-mean,train-irr_score-std,test-irr_score-mean,test-irr_score-std
0.808925651299444,0.010263635522409036,0.741132508867099,0.010601936776795494,0.8072574573255134,0.0104792088772638,0.7396795679481614,0.0108818916562298,0.6968055200000001,0.008907044331853305,0.6922364800000002,0.009139419470053875
