train-auc-mean,train-auc-std,train-aucpr-mean,train-aucpr-std,test-auc-mean,test-auc-std,test-aucpr-mean,test-aucpr-std,train-irr_score-mean,train-irr_score-std,test-irr_score-mean,test-irr_score-std
0.8131849735308502,0.0123457943724777,0.7456556218208388,0.012946826027479435,0.8115702338514474,0.014063550767857078,0.7443144920781783,0.01474894559290667,0.6986628400000001,0.008334708857206712,0.6940679200000001,0.009108821126446613
