train-auc-mean,train-auc-std,train-aucpr-mean,train-aucpr-std,test-auc-mean,test-auc-std,test-aucpr-mean,test-aucpr-std,train-irr_score-mean,train-irr_score-std,test-irr_score-mean,test-irr_score-std
0.8127538739607327,0.012785324712532043,0.7452604071382554,0.01340257209512672,0.8113479146731364,0.01400666061278188,0.7441127170891721,0.014671771308078427,0.69820904,0.008330976689344415,0.693853,0.008917454740002889
