train-auc-mean,train-auc-std,train-aucpr-mean,train-aucpr-std,test-auc-mean,test-auc-std,test-aucpr-mean,test-aucpr-std,train-irr_score-mean,train-irr_score-std,test-irr_score-mean,test-irr_score-std
0.810178502495893,0.011246697490898684,0.7424570970388318,0.011551228745884467,0.8086261001316319,0.012103909397244985,0.7411347233351198,0.012364912323595175,0.69834368,0.008393478862640925,0.6939878,0.008906435529436011
