train-auc-mean,train-auc-std,train-aucpr-mean,train-aucpr-std,test-auc-mean,test-auc-std,test-aucpr-mean,test-aucpr-std,train-irr_score-mean,train-irr_score-std,test-irr_score-mean,test-irr_score-std
0.8102703155788545,0.01106553859400221,0.7425821007294128,0.01135733830066388,0.8087146393606591,0.011633777844658232,0.7412383345841598,0.011853574738823041,0.6984224400000001,0.007887826413302977,0.6940050000000001,0.008650719674108043
