train-auc-mean,train-auc-std,train-aucpr-mean,train-aucpr-std,test-auc-mean,test-auc-std,test-aucpr-mean,test-aucpr-std,train-irr_score-mean,train-irr_score-std,test-irr_score-mean,test-irr_score-std
0.811468634626314,0.011978815819045334,0.7438990438438303,0.012522656067018115,0.8096851474688528,0.013547154670039977,0.742376202873364,0.014128835660593675,0.69535876,0.008848764981758751,0.6906836399999999,0.009179211586536173
