train-auc-mean,train-auc-std,train-aucpr-mean,train-aucpr-std,test-auc-mean,test-auc-std,test-aucpr-mean,test-aucpr-std,train-irr_score-mean,train-irr_score-std,test-irr_score-mean,test-irr_score-std
0.8070758034852582,0.01187875508962968,0.7392376425886172,0.012059249839288667,0.8055140829454749,0.012813046272232773,0.7379150844614015,0.012898088948226354,0.69836484,0.008518929489930065,0.69377256,0.009333198187459648
