train-auc-mean,train-auc-std,train-aucpr-mean,train-aucpr-std,test-auc-mean,test-auc-std,test-aucpr-mean,test-aucpr-std,train-irr_score-mean,train-irr_score-std,test-irr_score-mean,test-irr_score-std
0.8102415465114791,0.01106522771795989,0.7425334827185011,0.011330698019057901,0.808441051876211,0.011804752285155278,0.7409496483066779,0.011980578961711267,0.69824912,0.008084661122496114,0.6934603199999999,0.009024160232265384
