train-auc-mean,train-auc-std,train-aucpr-mean,train-aucpr-std,test-auc-mean,test-auc-std,test-aucpr-mean,test-aucpr-std,train-irr_score-mean,train-irr_score-std,test-irr_score-mean,test-irr_score-std
0.8076017518624862,0.01061206160404255,0.7396986636202258,0.010801244172449707,0.8058548126130759,0.011064229721367797,0.7381765912689862,0.01122234609344126,0.6993615600000002,0.008041385572549041,0.6945132400000001,0.008751146102219984
