train-auc-mean,train-auc-std,train-aucpr-mean,train-aucpr-std,test-auc-mean,test-auc-std,test-aucpr-mean,test-aucpr-std,train-irr_score-mean,train-irr_score-std,test-irr_score-mean,test-irr_score-std
0.7444258513915868,0.007542534649981081,0.6797878502156267,0.006619510083907408,0.7430748596066316,0.009281229377379,0.6787374508853268,0.008232312035709776,0.6539962,0.003268525759421205,0.65093104,0.004743938098078439
