train-auc-mean,train-auc-std,train-aucpr-mean,train-aucpr-std,test-auc-mean,test-auc-std,test-aucpr-mean,test-aucpr-std,train-irr_score-mean,train-irr_score-std,test-irr_score-mean,test-irr_score-std
0.8084292379457527,0.011328842892453707,0.7407274914162686,0.011632125537048616,0.8064411707684589,0.012109110043548336,0.7389510011054697,0.01235767916362055,0.69272008,0.008582946593891853,0.68793436,0.008893007823588152
