train-auc-mean,train-auc-std,train-aucpr-mean,train-aucpr-std,test-auc-mean,test-auc-std,test-aucpr-mean,test-aucpr-std,train-irr_score-mean,train-irr_score-std,test-irr_score-mean,test-irr_score-std
0.8143309683047372,0.009376891383596164,0.7468621997626407,0.009961540617999207,0.8127969362099973,0.01051669566836323,0.7455566578653547,0.011164559635931836,0.6973202399999999,0.00823065037177501,0.6927644400000001,0.008805795369323547
