train-auc-mean,train-auc-std,train-aucpr-mean,train-aucpr-std,test-auc-mean,test-auc-std,test-aucpr-mean,test-aucpr-std,train-irr_score-mean,train-irr_score-std,test-irr_score-mean,test-irr_score-std
0.8113549357151338,0.009793450052900717,0.7436808810937819,0.010088892006617427,0.8093901875560724,0.01038935364600313,0.7419224042980791,0.01064565165097048,0.69855672,0.007799606079899171,0.6932837599999999,0.00903025471747059
