train-auc-mean,train-auc-std,train-aucpr-mean,train-aucpr-std,test-auc-mean,test-auc-std,test-aucpr-mean,test-aucpr-std,train-irr_score-mean,train-irr_score-std,test-irr_score-mean,test-irr_score-std
0.8053809579671426,0.011253698788139692,0.73750458978571,0.011549902546102062,0.8038343986493228,0.011775438466503078,0.7361951336533942,0.012080218035021814,0.6940948399999999,0.008882177776559079,0.6895662,0.0090469268329085
