train-auc-mean,train-auc-std,train-aucpr-mean,train-aucpr-std,test-auc-mean,test-auc-std,test-aucpr-mean,test-aucpr-std,train-irr_score-mean,train-irr_score-std,test-irr_score-mean,test-irr_score-std
0.8121645427749088,0.012638034090157148,0.7446323924411078,0.013246368154862156,0.8106510862642266,0.013928100948904506,0.7433870333029224,0.01457764712647203,0.6970543599999999,0.008131551226574182,0.6923832400000001,0.008679611596287017
