train-auc-mean,train-auc-std,train-aucpr-mean,train-aucpr-std,test-auc-mean,test-auc-std,test-aucpr-mean,test-aucpr-std,train-irr_score-mean,train-irr_score-std,test-irr_score-mean,test-irr_score-std
0.8160263771650829,0.009629970501444202,0.7486163347045447,0.010288360638099535,0.8144371200992647,0.01083304477714962,0.7472645509848381,0.011585190210415944,0.6991048400000001,0.008006621772907717,0.69435928,0.008588520908841055
