train-auc-mean,train-auc-std,train-aucpr-mean,train-aucpr-std,test-auc-mean,test-auc-std,test-aucpr-mean,test-aucpr-std,train-irr_score-mean,train-irr_score-std,test-irr_score-mean,test-irr_score-std
0.8098087572742051,0.010452291311618105,0.742105122937878,0.010734494936526878,0.8078290095287489,0.010734234396006835,0.7403176681195436,0.011003489490088142,0.69313688,0.00858564868286608,0.688371,0.00887933741221721
