train-auc-mean,train-auc-std,train-aucpr-mean,train-aucpr-std,test-auc-mean,test-auc-std,test-aucpr-mean,test-aucpr-std,train-irr_score-mean,train-irr_score-std,test-irr_score-mean,test-irr_score-std
0.8082112183690319,0.01077590911799241,0.7403648408449108,0.010991886767971346,0.8063724296444802,0.011254247442082959,0.7387442909847016,0.011427941154064494,0.6999427200000001,0.008134282840029603,0.6949491600000001,0.009043514492408368
