train-auc-mean,train-auc-std,train-aucpr-mean,train-aucpr-std,test-auc-mean,test-auc-std,test-aucpr-mean,test-aucpr-std,train-irr_score-mean,train-irr_score-std,test-irr_score-mean,test-irr_score-std
0.8072473880605082,0.01101179368383204,0.7393948366435019,0.011160793415880702,0.8052681984661189,0.011931031683636332,0.7376510397905217,0.012060336757462053,0.7001317200000001,0.0078054271299910355,0.694894,0.009005807002151459
