train-auc-mean,train-auc-std,train-aucpr-mean,train-aucpr-std,test-auc-mean,test-auc-std,test-aucpr-mean,test-aucpr-std,train-irr_score-mean,train-irr_score-std,test-irr_score-mean,test-irr_score-std
0.8085764967810148,0.010655526411611025,0.7407521718680278,0.010860822524094753,0.8065002117944199,0.011303819567782775,0.7389054957849933,0.0115024768704592,0.70055336,0.00800979196673671,0.6950760800000001,0.009084163890727652
