train-auc-mean,train-auc-std,train-aucpr-mean,train-aucpr-std,test-auc-mean,test-auc-std,test-aucpr-mean,test-aucpr-std,train-irr_score-mean,train-irr_score-std,test-irr_score-mean,test-irr_score-std
0.8090498677587266,0.010154118192396394,0.7412037255091275,0.01038395627715183,0.8071304056212355,0.010777598745937658,0.7395217260907192,0.01102737795428481,0.7020929200000002,0.007701597641632543,0.6965231600000001,0.00817194504474915
