train-auc-mean,train-auc-std,train-aucpr-mean,train-aucpr-std,test-auc-mean,test-auc-std,test-aucpr-mean,test-aucpr-std,train-irr_score-mean,train-irr_score-std,test-irr_score-mean,test-irr_score-std
0.8093418351014425,0.01029058434133952,0.7415256769697015,0.010531518429862765,0.8075701386324086,0.010787335662206509,0.7399878091944914,0.011023330149512716,0.7017808000000001,0.007552278098693129,0.6963980800000001,0.008275166666212844
