train-auc-mean,train-auc-std,train-aucpr-mean,train-aucpr-std,test-auc-mean,test-auc-std,test-aucpr-mean,test-aucpr-std,train-irr_score-mean,train-irr_score-std,test-irr_score-mean,test-irr_score-std
0.8088961994745704,0.010009473975701975,0.7410461476741292,0.010226000390866758,0.8070884644206043,0.010701456275626417,0.7394764597167197,0.010941899945392632,0.70200204,0.007595238395099914,0.6965631200000001,0.008200234910391298
