train-auc-mean,train-auc-std,train-aucpr-mean,train-aucpr-std,test-auc-mean,test-auc-std,test-aucpr-mean,test-aucpr-std,train-irr_score-mean,train-irr_score-std,test-irr_score-mean,test-irr_score-std
0.8092397651263226,0.010223945813219944,0.7414055109959147,0.010454380700945991,0.8073968937390325,0.010635761263401306,0.7397901141670603,0.01088228125353959,0.70228508,0.007757432085013694,0.6968018,0.007880710429904155
