train-auc-mean,train-auc-std,train-aucpr-mean,train-aucpr-std,test-auc-mean,test-auc-std,test-aucpr-mean,test-aucpr-std,train-irr_score-mean,train-irr_score-std,test-irr_score-mean,test-irr_score-std
0.8092446727334769,0.010221902180222097,0.7414094775051958,0.010453846061903556,0.80739705089252,0.010636357808205718,0.7397903300187879,0.010882404249649742,0.70228508,0.007757432085013694,0.6968018,0.007880710429904155
