train-auc-mean,train-auc-std,train-aucpr-mean,train-aucpr-std,test-auc-mean,test-auc-std,test-aucpr-mean,test-aucpr-std,train-irr_score-mean,train-irr_score-std,test-irr_score-mean,test-irr_score-std
0.8092901222734945,0.010247482944567546,0.7414579235230042,0.010482220470025432,0.8074260941891714,0.01066618510897056,0.73982177337913,0.010915219232267688,0.70228508,0.007757432085013694,0.6968018,0.007880710429904155
