train-auc-mean,train-auc-std,train-aucpr-mean,train-aucpr-std,test-auc-mean,test-auc-std,test-aucpr-mean,test-aucpr-std,train-irr_score-mean,train-irr_score-std,test-irr_score-mean,test-irr_score-std
0.8092582962458965,0.010236118346138145,0.7414339186683896,0.010464165713357145,0.8074447935223671,0.010715072203393574,0.7398502729526776,0.010962249859089862,0.70235696,0.007774189807201772,0.69689208,0.007995052699863846
