train-auc-mean,train-auc-std,train-aucpr-mean,train-aucpr-std,test-auc-mean,test-auc-std,test-aucpr-mean,test-aucpr-std,train-irr_score-mean,train-irr_score-std,test-irr_score-mean,test-irr_score-std
0.8082974576910502,0.011558099241756135,0.74044555524085,0.011772955465578184,0.8063550832753374,0.012612902345788816,0.7387538290864135,0.012808981978826581,0.7019276000000001,0.00846670161042658,0.6963913599999999,0.009080442473271888
