train-auc-mean,train-auc-std,train-aucpr-mean,train-aucpr-std,test-auc-mean,test-auc-std,test-aucpr-mean,test-aucpr-std,train-irr_score-mean,train-irr_score-std,test-irr_score-mean,test-irr_score-std
0.80756893853385,0.011083322905280333,0.7397005382326447,0.011303916907196202,0.8058758539143619,0.012027739727615165,0.7382525492623685,0.01222844508406675,0.70034776,0.007824807009914054,0.69518204,0.008590878886260714
