train-auc-mean,train-auc-std,train-aucpr-mean,train-aucpr-std,test-auc-mean,test-auc-std,test-aucpr-mean,test-aucpr-std,train-irr_score-mean,train-irr_score-std,test-irr_score-mean,test-irr_score-std
0.8078388739227997,0.011254457141703896,0.7399489387844,0.011459943296106865,0.8060106600258954,0.012363415784789512,0.7383799507048731,0.012554221341534668,0.70121584,0.0083089543345959,0.69557248,0.009190880963737921
