train-auc-mean,train-auc-std,train-aucpr-mean,train-aucpr-std,test-auc-mean,test-auc-std,test-aucpr-mean,test-aucpr-std,train-irr_score-mean,train-irr_score-std,test-irr_score-mean,test-irr_score-std
0.8080099468358073,0.011292302942675903,0.7401092776033869,0.011493264751519346,0.8061403532387673,0.0124269374433868,0.7385022398412319,0.01260736651161202,0.7013197200000001,0.008339527567050786,0.6957052399999999,0.0092625318192382
