train-auc-mean,train-auc-std,train-aucpr-mean,train-aucpr-std,test-auc-mean,test-auc-std,test-aucpr-mean,test-aucpr-std,train-irr_score-mean,train-irr_score-std,test-irr_score-mean,test-irr_score-std
0.8089952743708657,0.010038025819598121,0.741156502496834,0.010268241220619022,0.8069900911598075,0.010655793269281566,0.7393881961240956,0.010901279568838034,0.7018298399999999,0.007607990324284071,0.6961138000000001,0.008072477265375232
