train-auc-mean,train-auc-std,train-aucpr-mean,train-aucpr-std,test-auc-mean,test-auc-std,test-aucpr-mean,test-aucpr-std,train-irr_score-mean,train-irr_score-std,test-irr_score-mean,test-irr_score-std
0.8084509410463231,0.011374098283545525,0.7405941396590217,0.011599503639191988,0.806478161958366,0.012433528271514843,0.738882141408839,0.012643358463065869,0.7018692400000001,0.008319054428383078,0.6961812000000001,0.008990819477667207
