train-auc-mean,train-auc-std,train-aucpr-mean,train-aucpr-std,test-auc-mean,test-auc-std,test-aucpr-mean,test-aucpr-std,train-irr_score-mean,train-irr_score-std,test-irr_score-mean,test-irr_score-std
0.8096625514456296,0.011430056514870895,0.7419174550908147,0.011725896555839499,0.8081099940763246,0.01236564303749258,0.740608044016177,0.012634843558610857,0.70263508,0.008075483321362256,0.6976334,0.009068600024259537
