train-auc-mean,train-auc-std,train-aucpr-mean,train-aucpr-std,test-auc-mean,test-auc-std,test-aucpr-mean,test-aucpr-std,train-irr_score-mean,train-irr_score-std,test-irr_score-mean,test-irr_score-std
0.8120326331934146,0.009938273301813726,0.7442234371376008,0.010181574954897559,0.8102491205886935,0.011636356645285062,0.7427100565735821,0.01186236038719238,0.7053568399999999,0.006418008742156712,0.70010948,0.008076576270276907
