train-auc-mean,train-auc-std,train-aucpr-mean,train-aucpr-std,test-auc-mean,test-auc-std,test-aucpr-mean,test-aucpr-std,train-irr_score-mean,train-irr_score-std,test-irr_score-mean,test-irr_score-std
0.8085073070348663,0.009927041564000684,0.7406374978935694,0.010082700922331293,0.8068340464424554,0.011847062373171588,0.7392264391538892,0.011973763689614302,0.69991176,0.006518714549847986,0.6951377599999999,0.008549009380179664
