train-auc-mean,train-auc-std,train-aucpr-mean,train-aucpr-std,test-auc-mean,test-auc-std,test-aucpr-mean,test-aucpr-std,train-irr_score-mean,train-irr_score-std,test-irr_score-mean,test-irr_score-std
0.8114901998809099,0.010043268863278363,0.7437690783809966,0.010284814352712945,0.8098544168413171,0.011492763341174892,0.7423827467504448,0.011718840359089044,0.7041885600000001,0.006767279223321583,0.6991699200000001,0.008198155982512167
