train-auc-mean,train-auc-std,train-aucpr-mean,train-aucpr-std,test-auc-mean,test-auc-std,test-aucpr-mean,test-aucpr-std,train-irr_score-mean,train-irr_score-std,test-irr_score-mean,test-irr_score-std
0.810966426334668,0.009723502991397136,0.743170602123245,0.009923707351468128,0.8092628337668955,0.011249952426870708,0.7417155807926872,0.011438715289363516,0.70371652,0.006308973958545084,0.6987535600000001,0.00763683876001059
