train-auc-mean,train-auc-std,train-aucpr-mean,train-aucpr-std,test-auc-mean,test-auc-std,test-aucpr-mean,test-aucpr-std,train-irr_score-mean,train-irr_score-std,test-irr_score-mean,test-irr_score-std
0.8102448867440987,0.009765801600508658,0.7424304156689437,0.009982786952486385,0.8085691779669358,0.01123818210311094,0.7410051879255487,0.011445582157481309,0.7022608000000001,0.00660083658940289,0.6971763600000002,0.00815315273930276
