train-auc-mean,train-auc-std,train-aucpr-mean,train-aucpr-std,test-auc-mean,test-auc-std,test-aucpr-mean,test-aucpr-std,train-irr_score-mean,train-irr_score-std,test-irr_score-mean,test-irr_score-std
0.8088507645621198,0.009908727016884462,0.7411056992140843,0.010105118264358556,0.8071397966863344,0.011712236525807345,0.7396443415158597,0.011900002219147715,0.6988141600000002,0.006777826257318792,0.69413304,0.008408034593078218
