train-auc-mean,train-auc-std,train-aucpr-mean,train-aucpr-std,test-auc-mean,test-auc-std,test-aucpr-mean,test-aucpr-std,train-irr_score-mean,train-irr_score-std,test-irr_score-mean,test-irr_score-std
0.8097615328753229,0.009371610748229783,0.7418972361769093,0.00952953951052121,0.8080320751150535,0.011018299943941096,0.7404128951433457,0.011145651572580286,0.7024751599999999,0.006039156150854188,0.6975628,0.007358822237287699
