train-auc-mean,train-auc-std,train-aucpr-mean,train-aucpr-std,test-auc-mean,test-auc-std,test-aucpr-mean,test-aucpr-std,train-irr_score-mean,train-irr_score-std,test-irr_score-mean,test-irr_score-std
0.8098611411770023,0.00938372651671578,0.7419763023699602,0.009538300493892107,0.8080925333975056,0.011008185707183989,0.7404579302063036,0.011133900243278896,0.7026409600000001,0.0060735309366463245,0.6977137999999999,0.007374266688966432
