train-auc-mean,train-auc-std,train-aucpr-mean,train-aucpr-std,test-auc-mean,test-auc-std,test-aucpr-mean,test-aucpr-std,train-irr_score-mean,train-irr_score-std,test-irr_score-mean,test-irr_score-std
0.8091773586767478,0.010182300197751732,0.7413973429923177,0.010378904545103526,0.8075146929174002,0.012001866461157477,0.7399904390009382,0.012179910986301137,0.6992129200000001,0.006782414625603488,0.69464436,0.008776687452017424
