train-auc-mean,train-auc-std,train-aucpr-mean,train-aucpr-std,test-auc-mean,test-auc-std,test-aucpr-mean,test-aucpr-std,train-irr_score-mean,train-irr_score-std,test-irr_score-mean,test-irr_score-std
0.8098364367233043,0.009783146712770365,0.7419890831316573,0.009979071324640643,0.808029970426697,0.011361030543485223,0.740438492024896,0.011546322894780756,0.70180944,0.006944282045424134,0.69662016,0.008348095345310808
