train-auc-mean,train-auc-std,train-aucpr-mean,train-aucpr-std,test-auc-mean,test-auc-std,test-aucpr-mean,test-aucpr-std,train-irr_score-mean,train-irr_score-std,test-irr_score-mean,test-irr_score-std
0.808356306021406,0.009921080557678407,0.7405554982580438,0.010060634701785646,0.8065368162292621,0.011581058529044197,0.7389837763026976,0.011708194202891629,0.69769116,0.006856420627003561,0.6929226800000001,0.008914358376103139
