train-auc-mean,train-auc-std,train-aucpr-mean,train-aucpr-std,test-auc-mean,test-auc-std,test-aucpr-mean,test-aucpr-std,train-irr_score-mean,train-irr_score-std,test-irr_score-mean,test-irr_score-std
0.76678901564167,0.01605423187900988,0.7003944003460049,0.014931644604762082,0.7652533650785693,0.016218397191539728,0.6991822794497913,0.015022619952455608,0.6523349200000002,0.008205118782418698,0.6472962400000002,0.008587860191130278
