train-auc-mean,train-auc-std,train-aucpr-mean,train-aucpr-std,test-auc-mean,test-auc-std,test-aucpr-mean,test-aucpr-std,train-irr_score-mean,train-irr_score-std,test-irr_score-mean,test-irr_score-std
0.8057606481899753,0.01131403963264405,0.7379086611603686,0.011468996502275177,0.8041889542079852,0.01257865988985351,0.7365957336886224,0.012706830376825082,0.6981518,0.00785804459137258,0.6932947200000001,0.009167187453172318
