train-auc-mean,train-auc-std,train-aucpr-mean,train-aucpr-std,test-auc-mean,test-auc-std,test-aucpr-mean,test-aucpr-std,train-irr_score-mean,train-irr_score-std,test-irr_score-mean,test-irr_score-std
0.7663658178881398,0.015194825721114066,0.699743946469161,0.014211227378758143,0.7647880433521766,0.014668530063610512,0.6984148756159759,0.013719218871704391,0.6597388399999999,0.006924574803870636,0.65612696,0.007087939155946539
