train-auc-mean,train-auc-std,train-aucpr-mean,train-aucpr-std,test-auc-mean,test-auc-std,test-aucpr-mean,test-aucpr-std,train-irr_score-mean,train-irr_score-std,test-irr_score-mean,test-irr_score-std
0.809090096180795,0.009857460629346294,0.7412765721393471,0.010032131910141193,0.8074314115424359,0.011633550193617797,0.7398731594821507,0.011788729679952049,0.70063156,0.005981148492254643,0.69594536,0.007775927138959053
