train-auc-mean,train-auc-std,train-aucpr-mean,train-aucpr-std,test-auc-mean,test-auc-std,test-aucpr-mean,test-aucpr-std,train-irr_score-mean,train-irr_score-std,test-irr_score-mean,test-irr_score-std
0.8084305520493877,0.009328175148016347,0.7404340538771685,0.009496073514001106,0.8063787983545513,0.010667377567195227,0.7386644635964015,0.010781899900801669,0.70171292,0.006348912731610026,0.6963244000000001,0.00782038368879686
