train-auc-mean,train-auc-std,train-aucpr-mean,train-aucpr-std,test-auc-mean,test-auc-std,test-aucpr-mean,test-aucpr-std,train-irr_score-mean,train-irr_score-std,test-irr_score-mean,test-irr_score-std
0.8112601191582495,0.010230875690255164,0.7434632735051394,0.010448091864850581,0.8094245155279615,0.011880153162661953,0.7418845956084469,0.012082279778297652,0.7039316000000001,0.007288944647889713,0.6987004400000001,0.008815046795474206
