train-auc-mean,train-auc-std,train-aucpr-mean,train-aucpr-std,test-auc-mean,test-auc-std,test-aucpr-mean,test-aucpr-std,train-irr_score-mean,train-irr_score-std,test-irr_score-mean,test-irr_score-std
0.8104048332970848,0.009854974091524416,0.7426774559388373,0.010101194739871784,0.8086630520531979,0.01113078340590223,0.741170036340725,0.011344088403883514,0.70468472,0.006616435804993506,0.69982976,0.008034555262265609
