train-auc-mean,train-auc-std,train-aucpr-mean,train-aucpr-std,test-auc-mean,test-auc-std,test-aucpr-mean,test-aucpr-std,train-irr_score-mean,train-irr_score-std,test-irr_score-mean,test-irr_score-std
0.8090830567386667,0.009560174128636132,0.7412625787765458,0.009774612434961227,0.8071485044234419,0.010444809070958606,0.7395424344070534,0.010612041800992197,0.70511372,0.006725421286551507,0.70014092,0.007961944596240297
