train-auc-mean,train-auc-std,train-aucpr-mean,train-aucpr-std,test-auc-mean,test-auc-std,test-aucpr-mean,test-aucpr-std,train-irr_score-mean,train-irr_score-std,test-irr_score-mean,test-irr_score-std
0.8057057430891694,0.010064198514774829,0.7379195478549831,0.010242079865120135,0.8037896631478761,0.010832830679796296,0.7362188562549623,0.010979024167601463,0.69859948,0.006926985907997787,0.6939361199999999,0.008051269585947306
