train-auc-mean,train-auc-std,train-aucpr-mean,train-aucpr-std,test-auc-mean,test-auc-std,test-aucpr-mean,test-aucpr-std,train-irr_score-mean,train-irr_score-std,test-irr_score-mean,test-irr_score-std
0.8090397482687024,0.009675443135626856,0.7412564549917198,0.009924542216914975,0.8072556425823992,0.010671239410560515,0.7396923537499467,0.01087524180011072,0.7047614799999999,0.006657955260408417,0.69988772,0.008097797826668678
