train-auc-mean,train-auc-std,train-aucpr-mean,train-aucpr-std,test-auc-mean,test-auc-std,test-aucpr-mean,test-aucpr-std,train-irr_score-mean,train-irr_score-std,test-irr_score-mean,test-irr_score-std
0.8094666942914336,0.009663655401912172,0.7417023802122001,0.00992409774346605,0.8075760420317312,0.010710429025953323,0.7400318827154166,0.010918294903503049,0.70488524,0.006535825195214456,0.6999635200000001,0.008049772489306762
