train-auc-mean,train-auc-std,train-aucpr-mean,train-aucpr-std,test-auc-mean,test-auc-std,test-aucpr-mean,test-aucpr-std,train-irr_score-mean,train-irr_score-std,test-irr_score-mean,test-irr_score-std
0.8091351501546505,0.009633016159000144,0.7413589676049948,0.009879265092698009,0.8073638997560255,0.010690992608335287,0.739807702697155,0.010890703474792067,0.70477032,0.006657950746108004,0.6999828800000002,0.008180535974225649
