train-auc-mean,train-auc-std,train-aucpr-mean,train-aucpr-std,test-auc-mean,test-auc-std,test-aucpr-mean,test-aucpr-std,train-irr_score-mean,train-irr_score-std,test-irr_score-mean,test-irr_score-std
0.8090829851599366,0.00943495548864487,0.7413006159288494,0.009684159951594688,0.80723726276468,0.010393054366564437,0.7396713683127513,0.010598016530803625,0.70468412,0.006595251433084268,0.6997666800000001,0.007923829825128756
