train-auc-mean,train-auc-std,train-aucpr-mean,train-aucpr-std,test-auc-mean,test-auc-std,test-aucpr-mean,test-aucpr-std,train-irr_score-mean,train-irr_score-std,test-irr_score-mean,test-irr_score-std
0.8065312777822533,0.011393755329962318,0.7387175251587397,0.011636484971542571,0.8046518928107694,0.011895718114666666,0.7370628101934064,0.012092285952657947,0.7020715599999999,0.008375247239717769,0.6968806400000002,0.009235510688121153
