train-auc-mean,train-auc-std,train-aucpr-mean,train-aucpr-std,test-auc-mean,test-auc-std,test-aucpr-mean,test-aucpr-std,train-irr_score-mean,train-irr_score-std,test-irr_score-mean,test-irr_score-std
0.8094401268069131,0.009595004185077867,0.7416233546905724,0.009806768651536927,0.8073694921048538,0.010463201642652003,0.7397618251049658,0.010634772857616213,0.70533064,0.006666356077378408,0.70021996,0.007966824117451074
