train-auc-mean,train-auc-std,train-aucpr-mean,train-aucpr-std,test-auc-mean,test-auc-std,test-aucpr-mean,test-aucpr-std,train-irr_score-mean,train-irr_score-std,test-irr_score-mean,test-irr_score-std
0.8101208518692894,0.009952247612954459,0.742373173665612,0.010200288263506682,0.80829339341026,0.011216559184133309,0.7407743740234639,0.01143804804926148,0.70461168,0.006753404834422414,0.69961292,0.008099614662044115
