train-auc-mean,train-auc-std,train-aucpr-mean,train-aucpr-std,test-auc-mean,test-auc-std,test-aucpr-mean,test-aucpr-std,train-irr_score-mean,train-irr_score-std,test-irr_score-mean,test-irr_score-std
0.807346022769661,0.011073345986502727,0.7395512362230232,0.011300570890442545,0.8053572520306147,0.011851844570275613,0.7377879691166269,0.012025776165702572,0.7013640000000001,0.008665828191234813,0.6958210799999999,0.009883443658644481
