train-auc-mean,train-auc-std,train-aucpr-mean,train-aucpr-std,test-auc-mean,test-auc-std,test-aucpr-mean,test-aucpr-std,train-irr_score-mean,train-irr_score-std,test-irr_score-mean,test-irr_score-std
0.8067546087695352,0.009411599674484768,0.7389179765647788,0.009647607986751681,0.8049440280459617,0.010272975952614763,0.7373292790498084,0.010452038504678775,0.7016623599999998,0.006406416320408785,0.6966359599999999,0.007641375250463752
