train-auc-mean,train-auc-std,train-aucpr-mean,train-aucpr-std,test-auc-mean,test-auc-std,test-aucpr-mean,test-aucpr-std,train-irr_score-mean,train-irr_score-std,test-irr_score-mean,test-irr_score-std
0.8079137622865477,0.010544764528839038,0.739749210649194,0.01078840013174391,0.8056612318723605,0.011301205753071272,0.7377998445840882,0.011469408253717327,0.7022932800000001,0.008673756485030005,0.69651616,0.0094092488400722
