train-auc-mean,train-auc-std,train-aucpr-mean,train-aucpr-std,test-auc-mean,test-auc-std,test-aucpr-mean,test-aucpr-std,train-irr_score-mean,train-irr_score-std,test-irr_score-mean,test-irr_score-std
0.8090700491502905,0.009709391060700507,0.7410005176632158,0.00999446695580725,0.8072284340730317,0.011046135906663335,0.7394628887753916,0.011254426727757658,0.70267688,0.006529319568347068,0.69761608,0.007857931844550435
