train-auc-mean,train-auc-std,train-aucpr-mean,train-aucpr-std,test-auc-mean,test-auc-std,test-aucpr-mean,test-aucpr-std,train-irr_score-mean,train-irr_score-std,test-irr_score-mean,test-irr_score-std
0.8063009900833239,0.010413554828754138,0.73820155118135,0.010645931245520514,0.8043507859280523,0.011283122148425211,0.7365427009019239,0.011423009520557382,0.7003208,0.007669723697761209,0.6950171599999999,0.008891929053608107
