train-auc-mean,train-auc-std,train-aucpr-mean,train-aucpr-std,test-auc-mean,test-auc-std,test-aucpr-mean,test-aucpr-std,train-irr_score-mean,train-irr_score-std,test-irr_score-mean,test-irr_score-std
0.8040043852726114,0.011175440699871234,0.7361284025642959,0.011356435643172577,0.8021224270379969,0.011734321093010563,0.7344659558476375,0.011848904569273906,0.6994226000000002,0.008260233982158128,0.6943312,0.009133414485284251
