train-auc-mean,train-auc-std,train-aucpr-mean,train-aucpr-std,test-auc-mean,test-auc-std,test-aucpr-mean,test-aucpr-std,train-irr_score-mean,train-irr_score-std,test-irr_score-mean,test-irr_score-std
0.7662101661819426,0.013529203355925886,0.6995053668389012,0.012798982786935684,0.7648351141270487,0.013719368247493516,0.6983778760208379,0.012883321895034605,0.65910632,0.005570890863910367,0.6553040800000001,0.0064656625270423825
