train-auc-mean,train-auc-std,train-aucpr-mean,train-aucpr-std,test-auc-mean,test-auc-std,test-aucpr-mean,test-aucpr-std,train-irr_score-mean,train-irr_score-std,test-irr_score-mean,test-irr_score-std
0.8102382533983976,0.009433693596080593,0.7421255474531351,0.009708540139483444,0.8080841881094686,0.010430616354344543,0.7402697055823301,0.010612205184897272,0.7061882799999999,0.006778713125778375,0.70089512,0.007943706949881774
