train-auc-mean,train-auc-std,train-aucpr-mean,train-aucpr-std,test-auc-mean,test-auc-std,test-aucpr-mean,test-aucpr-std,train-irr_score-mean,train-irr_score-std,test-irr_score-mean,test-irr_score-std
0.8116858747659195,0.009558887403009607,0.7436194007976692,0.009817608600924552,0.8095772278597032,0.011006827207257402,0.7418326976329478,0.011185150900140104,0.7064758400000001,0.006957192035182002,0.7011615600000001,0.008355644492581058
