train-auc-mean,train-auc-std,train-aucpr-mean,train-aucpr-std,test-auc-mean,test-auc-std,test-aucpr-mean,test-aucpr-std,train-irr_score-mean,train-irr_score-std,test-irr_score-mean,test-irr_score-std
0.8116787000170036,0.009556319251787451,0.743638343359941,0.00981789709209898,0.809599577407117,0.011034032143349085,0.7418710643459075,0.011208603236248624,0.7063765200000001,0.006841902244960821,0.70115972,0.008380176253611865
