train-auc-mean,train-auc-std,train-aucpr-mean,train-aucpr-std,test-auc-mean,test-auc-std,test-aucpr-mean,test-aucpr-std,train-irr_score-mean,train-irr_score-std,test-irr_score-mean,test-irr_score-std
0.8118957761642538,0.00971903877370063,0.7438813234849289,0.010006081162819067,0.8098915317326069,0.011166400248716646,0.7421903787592625,0.011351295363850109,0.7063538800000001,0.006759755565521576,0.7011801599999999,0.008312342498622161
