train-auc-mean,train-auc-std,train-aucpr-mean,train-aucpr-std,test-auc-mean,test-auc-std,test-aucpr-mean,test-aucpr-std,train-irr_score-mean,train-irr_score-std,test-irr_score-mean,test-irr_score-std
0.8118095450170462,0.009678542435156107,0.7438189724738719,0.009973324661044513,0.809840625621948,0.011142317429718811,0.7421452654520931,0.011332863654945796,0.70632408,0.006691024572784041,0.7011316800000001,0.008300150893664532
