train-auc-mean,train-auc-std,train-aucpr-mean,train-aucpr-std,test-auc-mean,test-auc-std,test-aucpr-mean,test-aucpr-std,train-irr_score-mean,train-irr_score-std,test-irr_score-mean,test-irr_score-std
0.8117018595740163,0.009656844633574206,0.743721266550932,0.009949630981876064,0.8097267283012486,0.011068255850708386,0.7420447103409635,0.01126256782768338,0.70625748,0.0066849806289622,0.70101272,0.00825321879278625
