train-auc-mean,train-auc-std,train-aucpr-mean,train-aucpr-std,test-auc-mean,test-auc-std,test-aucpr-mean,test-aucpr-std,train-irr_score-mean,train-irr_score-std,test-irr_score-mean,test-irr_score-std
0.811670985611729,0.009546202304893829,0.7436675434533443,0.00981827830076529,0.8096739428223511,0.011017080812753158,0.7419637042776763,0.011192891429342905,0.7063459999999999,0.006709244559561073,0.70107832,0.008239771194493211
