train-auc-mean,train-auc-std,train-aucpr-mean,train-aucpr-std,test-auc-mean,test-auc-std,test-aucpr-mean,test-aucpr-std,train-irr_score-mean,train-irr_score-std,test-irr_score-mean,test-irr_score-std
0.8116616568434134,0.009547213464665652,0.7436716484767,0.009822818382619378,0.8096508247056228,0.01099666335824189,0.7419557188851446,0.011185457801187354,0.7063574000000001,0.006716375814380838,0.70107832,0.008239771194493211
