train-auc-mean,train-auc-std,train-aucpr-mean,train-aucpr-std,test-auc-mean,test-auc-std,test-aucpr-mean,test-aucpr-std,train-irr_score-mean,train-irr_score-std,test-irr_score-mean,test-irr_score-std
0.8099803698205981,0.010322001869287084,0.7419923700653582,0.010619627378321657,0.8079377095061863,0.011013161319555133,0.740238253363069,0.011224004700849772,0.7038013200000001,0.008109257755035288,0.6980953599999998,0.009000975177746022
