train-auc-mean,train-auc-std,train-aucpr-mean,train-aucpr-std,test-auc-mean,test-auc-std,test-aucpr-mean,test-aucpr-std,train-irr_score-mean,train-irr_score-std,test-irr_score-mean,test-irr_score-std
0.8117634976082521,0.009675915466967644,0.7437850565774694,0.009973826592234575,0.8097744791800133,0.011099420565035795,0.7420880901146618,0.011304950608658248,0.7063217200000002,0.006706449257364131,0.7010864000000001,0.008252033519078803
