train-auc-mean,train-auc-std,train-aucpr-mean,train-aucpr-std,test-auc-mean,test-auc-std,test-aucpr-mean,test-aucpr-std,train-irr_score-mean,train-irr_score-std,test-irr_score-mean,test-irr_score-std
0.8097570914643387,0.010048049783314387,0.7417637371833585,0.010343763059567542,0.8077456762104958,0.011419875382222203,0.7400478450091237,0.011643362945313622,0.7042618,0.007313737184230779,0.6987230399999999,0.008340247394316325
