train-auc-mean,train-auc-std,train-aucpr-mean,train-aucpr-std,test-auc-mean,test-auc-std,test-aucpr-mean,test-aucpr-std,train-irr_score-mean,train-irr_score-std,test-irr_score-mean,test-irr_score-std
0.9532551743133996,0.0008963930030486096,0.9630018916553529,0.0007136092951793211,0.9520561211601639,0.0021900318566768877,0.9622950387025039,0.0017081531735319002,0.6990456800000001,0.007089800700837785,0.69458484,0.009116077203183396
