train-auc-mean,train-auc-std,train-aucpr-mean,train-aucpr-std,test-auc-mean,test-auc-std,test-aucpr-mean,test-aucpr-std,train-irr_score-mean,train-irr_score-std,test-irr_score-mean,test-irr_score-std
0.9539562263955539,0.0008237763122987307,0.9635892278405092,0.0006264065458765284,0.9528237956708668,0.0020214260761506043,0.9629336875756045,0.0015442098379892606,0.6996056399999999,0.007424868811662616,0.6949887199999999,0.009136022861267367
