train-auc-mean,train-auc-std,train-aucpr-mean,train-aucpr-std,test-auc-mean,test-auc-std,test-aucpr-mean,test-aucpr-std,train-irr_score-mean,train-irr_score-std,test-irr_score-mean,test-irr_score-std
0.953482005178527,0.0010906347665376537,0.9628223139185286,0.0008682435217140905,0.9521933410042154,0.0022199069638289223,0.9620665876325277,0.0017428513429571775,0.7052288399999999,0.006417338891970711,0.69995632,0.00785845650351263
