train-auc-mean,train-auc-std,train-aucpr-mean,train-aucpr-std,test-auc-mean,test-auc-std,test-aucpr-mean,test-aucpr-std,train-irr_score-mean,train-irr_score-std,test-irr_score-mean,test-irr_score-std
0.7734702898979259,0.01371744037889713,0.7062462804779315,0.012977270347288562,0.772098374659775,0.013029375245743519,0.7050892052600573,0.012261436788313443,0.6664226000000001,0.008122342883675856,0.6622528400000001,0.008054806022146022
