train-auc-mean,train-auc-std,train-aucpr-mean,train-aucpr-std,test-auc-mean,test-auc-std,test-aucpr-mean,test-aucpr-std,train-irr_score-mean,train-irr_score-std,test-irr_score-mean,test-irr_score-std
0.7686280862615843,0.014994776022652423,0.7018092857579756,0.014048734540674113,0.7671224146177498,0.014736191489464184,0.7005508139736972,0.013770206615055704,0.65950016,0.00680843791588055,0.65546552,0.006371403802114568
