train-auc-mean,train-auc-std,train-aucpr-mean,train-aucpr-std,test-auc-mean,test-auc-std,test-aucpr-mean,test-aucpr-std,train-irr_score-mean,train-irr_score-std,test-irr_score-mean,test-irr_score-std
0.7779542460499672,0.0155384570685969,0.7106880160240084,0.014860459249758932,0.7768260347715468,0.015725547850815424,0.7098135853067471,0.015062248297289698,0.66818328,0.008380142483371034,0.6648082399999999,0.008907932187797582
