train-auc-mean,train-auc-std,train-aucpr-mean,train-aucpr-std,test-auc-mean,test-auc-std,test-aucpr-mean,test-aucpr-std,train-irr_score-mean,train-irr_score-std,test-irr_score-mean,test-irr_score-std
0.7912794206833764,0.015932121526898255,0.7237112433295796,0.01574210043277542,0.789948724749248,0.016449247625061007,0.7226097977297273,0.016114919213840534,0.6748909200000002,0.007601414231154629,0.67053804,0.00941370702106242
