train-auc-mean,train-auc-std,train-aucpr-mean,train-aucpr-std,test-auc-mean,test-auc-std,test-aucpr-mean,test-aucpr-std,train-irr_score-mean,train-irr_score-std,test-irr_score-mean,test-irr_score-std
0.7951938267572635,0.015858438877666876,0.7276300168850388,0.01573696572023197,0.7935233291553431,0.016884392709962635,0.7261916657155095,0.01662434678781134,0.67619308,0.008975507093952974,0.67161484,0.010957737444125955
