train-auc-mean,train-auc-std,train-aucpr-mean,train-aucpr-std,test-auc-mean,test-auc-std,test-aucpr-mean,test-aucpr-std,train-irr_score-mean,train-irr_score-std,test-irr_score-mean,test-irr_score-std
0.8195614857019141,0.009731026815529042,0.7531656248919706,0.010868528579485864,0.8184657245507434,0.00999232944983106,0.7522320314418165,0.011115258641776772,0.6765092800000001,0.008934561444279178,0.6721023599999999,0.010769100990816276
