train-auc-mean,train-auc-std,train-aucpr-mean,train-aucpr-std,test-auc-mean,test-auc-std,test-aucpr-mean,test-aucpr-std,train-irr_score-mean,train-irr_score-std,test-irr_score-mean,test-irr_score-std
0.8496143850131768,0.010241309641141448,0.7882132917400025,0.012846462309107626,0.8487073647644425,0.009993920383229393,0.7874967011072297,0.01240246194329967,0.6809311600000001,0.008683743025585219,0.6763615199999999,0.01011838253920062
