train-auc-mean,train-auc-std,train-aucpr-mean,train-aucpr-std,test-auc-mean,test-auc-std,test-aucpr-mean,test-aucpr-std,train-irr_score-mean,train-irr_score-std,test-irr_score-mean,test-irr_score-std
0.8574090623774544,0.00804858557305609,0.797974945367169,0.010228319807309282,0.8562465574625042,0.008130293589599739,0.7969560111856095,0.010268023569411385,0.68093128,0.008689054749603086,0.6763794799999999,0.010138616687181738
