train-auc-mean,train-auc-std,train-aucpr-mean,train-aucpr-std,test-auc-mean,test-auc-std,test-aucpr-mean,test-aucpr-std,train-irr_score-mean,train-irr_score-std,test-irr_score-mean,test-irr_score-std
0.8448578139087785,0.012953032528736927,0.7826724575710216,0.015765455930955085,0.8439837439110941,0.013021668183438482,0.7819831345046586,0.01567271157957201,0.67865692,0.009447705604727533,0.67435984,0.010677152195899427
