train-auc-mean,train-auc-std,train-aucpr-mean,train-aucpr-std,test-auc-mean,test-auc-std,test-aucpr-mean,test-aucpr-std,train-irr_score-mean,train-irr_score-std,test-irr_score-mean,test-irr_score-std
0.8465302827666156,0.0072094703305840635,0.7822927653531777,0.008497543841665327,0.8436238590511106,0.008047225986262282,0.7794807219758257,0.00946859772564463,0.67785716,0.005286535528529053,0.6728971999999999,0.004530724551327298
