train-auc-mean,train-auc-std,train-aucpr-mean,train-aucpr-std,test-auc-mean,test-auc-std,test-aucpr-mean,test-aucpr-std,train-irr_score-mean,train-irr_score-std,test-irr_score-mean,test-irr_score-std
0.9460317581710481,0.0015135963534453375,0.9574293056710114,0.0014877170180481363,0.9449332191021478,0.0021519598503597676,0.9567914837242765,0.001844743100007567,0.6643255599999999,0.006686717550966247,0.65992076,0.007070459749012089
