train-auc-mean,train-auc-std,train-aucpr-mean,train-aucpr-std,test-auc-mean,test-auc-std,test-aucpr-mean,test-aucpr-std,train-irr_score-mean,train-irr_score-std,test-irr_score-mean,test-irr_score-std
0.8321526846223277,0.011932480047065373,0.7673109594688117,0.013655938292164277,0.8305150970938739,0.013074562449281828,0.7658129818577118,0.01487317691377334,0.68307692,0.00827894185470583,0.6786840000000001,0.008702485764423855
