train-auc-mean,train-auc-std,train-aucpr-mean,train-aucpr-std,test-auc-mean,test-auc-std,test-aucpr-mean,test-aucpr-std,train-irr_score-mean,train-irr_score-std,test-irr_score-mean,test-irr_score-std
0.8336290282389505,0.010343946687450235,0.7689508834905248,0.011920744851275429,0.8320808046973653,0.011444248469034725,0.7675368289033407,0.01314730385243451,0.6831071999999999,0.008281653965241484,0.67883524,0.008692513225897322
