train-auc-mean,train-auc-std,train-aucpr-mean,train-aucpr-std,test-auc-mean,test-auc-std,test-aucpr-mean,test-aucpr-std,train-irr_score-mean,train-irr_score-std,test-irr_score-mean,test-irr_score-std
0.8333424709054449,0.010177779876268363,0.7693722313154454,0.01185824387692391,0.8313841837064396,0.011887208813534115,0.7675898182283143,0.013587386872429089,0.67830896,0.005971690772168298,0.6744152,0.006095460750427315
