train-auc-mean,train-auc-std,train-aucpr-mean,train-aucpr-std,test-auc-mean,test-auc-std,test-aucpr-mean,test-aucpr-std,train-irr_score-mean,train-irr_score-std,test-irr_score-mean,test-irr_score-std
0.8127415845470272,0.011108979522296062,0.7456008377973182,0.011705151927988117,0.8112381740535067,0.011368556282252364,0.7442941678172792,0.011913815457269621,0.6837828,0.009255528596466011,0.6790482,0.00967050848714791
