train-auc-mean,train-auc-std,train-aucpr-mean,train-aucpr-std,test-auc-mean,test-auc-std,test-aucpr-mean,test-aucpr-std,train-irr_score-mean,train-irr_score-std,test-irr_score-mean,test-irr_score-std
0.8135851907525865,0.010667157335683458,0.7466142696935034,0.011220629649071532,0.8118757774981333,0.010633479464608088,0.7450953439822878,0.01105185012686965,0.6841391200000001,0.00839517335768595,0.67968908,0.00867833961040936
